run_date,well_id,trigger_a,trigger_a_days,trigger_a_residual_pct,trigger_b,trigger_b_days_since,trigger_b_p50_days,trigger_c,trigger_d,mechanism,mechanism_confidence,chan_class,chan_wor_slope,fillage_gap_blpd,offset_verdict,rejected_mechanisms,ettf_days,ettf_ci_low,ettf_ci_high,hazard,recommended_job_code,requires_rig,est_duration_days,p_success,p_success_n,deferred_bbl_avoided,net_value,priority,rank_overall,rank_within_queue,queue,logistics_blocker,earliest_start_date,tool_trace,model_version,config_version,data_as_of,data_lag_days,run_confidence,confidence_reason,tested_days_90d,allocation_basis_id,_ingested_at,_source_system,_source_file,_batch_id
2026-09-23,GK-001,,0,-2.5,False,95.0,185.0,,False,,HIGH,NORMAL,0.02,4.5,WELL_SPECIFIC,[],155.0,95.0,225.0,0.006,,False,0.0,0.68,25,0.0,0.0,0.0,,,NONE,,,"[{""tool"": ""TC-001:fit_decline_curve"", ""well_id"": ""GK-001"", ""status"": ""OK""}, {""tool"": ""TC-007:trigger_scan"", ""well_id"": ""GK-001"", ""status"": ""OK""}]",coxph-v1.0-geleki,1.0.0-geleki,2026-09-23,0,NORMAL,,4,GGS-BASIS-2026Q3-GK-001,2026-09-23T16:00:00Z,GENERATOR,gs://well-workover-intervention-data/landing/generator/2026/09/23/well_run.parquet,BATCH-GELEKI-20260923-V1
2026-09-23,GK-002,,0,-2.5,False,95.0,185.0,,False,,HIGH,NORMAL,0.02,4.5,WELL_SPECIFIC,[],155.0,95.0,225.0,0.006,,False,0.0,0.68,25,0.0,0.0,0.0,,,NONE,,,"[{""tool"": ""TC-001:fit_decline_curve"", ""well_id"": ""GK-002"", ""status"": ""OK""}, {""tool"": ""TC-007:trigger_scan"", ""well_id"": ""GK-002"", ""status"": ""OK""}]",coxph-v1.0-geleki,1.0.0-geleki,2026-09-23,0,NORMAL,,5,GGS-BASIS-2026Q3-GK-002,2026-09-23T16:00:00Z,GENERATOR,gs://well-workover-intervention-data/landing/generator/2026/09/23/well_run.parquet,BATCH-GELEKI-20260923-V1
2026-09-23,GK-003,,0,-2.5,False,95.0,185.0,,False,,HIGH,NORMAL,0.02,4.5,WELL_SPECIFIC,[],155.0,95.0,225.0,0.006,,False,0.0,0.68,25,0.0,0.0,0.0,,,NONE,,,"[{""tool"": ""TC-001:fit_decline_curve"", ""well_id"": ""GK-003"", ""status"": ""OK""}, {""tool"": ""TC-007:trigger_scan"", ""well_id"": ""GK-003"", ""status"": ""OK""}]",coxph-v1.0-geleki,1.0.0-geleki,2026-09-23,0,NORMAL,,5,GGS-BASIS-2026Q3-GK-003,2026-09-23T16:00:00Z,GENERATOR,gs://well-workover-intervention-data/landing/generator/2026/09/23/well_run.parquet,BATCH-GELEKI-20260923-V1
2026-09-23,GK-004,,0,-2.5,False,95.0,185.0,,False,,HIGH,NORMAL,0.02,4.5,WELL_SPECIFIC,[],155.0,95.0,225.0,0.006,,False,0.0,0.68,25,0.0,0.0,0.0,,,NONE,,,"[{""tool"": ""TC-001:fit_decline_curve"", ""well_id"": ""GK-004"", ""status"": ""OK""}, {""tool"": ""TC-007:trigger_scan"", ""well_id"": ""GK-004"", ""status"": ""OK""}]",coxph-v1.0-geleki,1.0.0-geleki,2026-09-23,0,NORMAL,,4,GGS-BASIS-2026Q3-GK-004,2026-09-23T16:00:00Z,GENERATOR,gs://well-workover-intervention-data/landing/generator/2026/09/23/well_run.parquet,BATCH-GELEKI-20260923-V1
2026-09-23,GK-005,,0,-2.5,False,95.0,185.0,,False,,HIGH,NORMAL,0.02,4.5,WELL_SPECIFIC,[],155.0,95.0,225.0,0.006,,False,0.0,0.68,25,0.0,0.0,0.0,,,NONE,,,"[{""tool"": ""TC-001:fit_decline_curve"", ""well_id"": ""GK-005"", ""status"": ""OK""}, {""tool"": ""TC-007:trigger_scan"", ""well_id"": ""GK-005"", ""status"": ""OK""}]",coxph-v1.0-geleki,1.0.0-geleki,2026-09-23,0,NORMAL,,5,GGS-BASIS-2026Q3-GK-005,2026-09-23T16:00:00Z,GENERATOR,gs://well-workover-intervention-data/landing/generator/2026/09/23/well_run.parquet,BATCH-GELEKI-20260923-V1
2026-09-23,GK-006,,0,-2.5,False,95.0,185.0,,False,,HIGH,NORMAL,0.02,4.5,WELL_SPECIFIC,[],155.0,95.0,225.0,0.006,,False,0.0,0.68,25,0.0,0.0,0.0,,,NONE,,,"[{""tool"": ""TC-001:fit_decline_curve"", ""well_id"": ""GK-006"", ""status"": ""OK""}, {""tool"": ""TC-007:trigger_scan"", ""well_id"": ""GK-006"", ""status"": ""OK""}]",coxph-v1.0-geleki,1.0.0-geleki,2026-08-05,49,LOW_CONFIDENCE,Data lag > 3 days,2,GGS-BASIS-2026Q3-GK-006,2026-09-23T16:00:00Z,GENERATOR,gs://well-workover-intervention-data/landing/generator/2026/09/23/well_run.parquet,BATCH-GELEKI-20260923-V1
2026-09-23,GK-007,,0,-2.5,False,95.0,185.0,,False,,HIGH,NORMAL,0.02,4.5,WELL_SPECIFIC,[],155.0,95.0,225.0,0.006,,False,0.0,0.68,25,0.0,0.0,0.0,,,NONE,,,"[{""tool"": ""TC-001:fit_decline_curve"", ""well_id"": ""GK-007"", ""status"": ""OK""}, {""tool"": ""TC-007:trigger_scan"", ""well_id"": ""GK-007"", ""status"": ""OK""}]",coxph-v1.0-geleki,1.0.0-geleki,2026-09-23,0,NORMAL,,5,GGS-BASIS-2026Q3-GK-007,2026-09-23T16:00:00Z,GENERATOR,gs://well-workover-intervention-data/landing/generator/2026/09/23/well_run.parquet,BATCH-GELEKI-20260923-V1
2026-09-23,GK-008,,0,-2.5,False,95.0,185.0,,False,,HIGH,NORMAL,0.02,4.5,WELL_SPECIFIC,[],155.0,95.0,225.0,0.006,,False,0.0,0.68,25,0.0,0.0,0.0,,,NONE,,,"[{""tool"": ""TC-001:fit_decline_curve"", ""well_id"": ""GK-008"", ""status"": ""OK""}, {""tool"": ""TC-007:trigger_scan"", ""well_id"": ""GK-008"", ""status"": ""OK""}]",coxph-v1.0-geleki,1.0.0-geleki,2026-09-23,0,NORMAL,,0,GGS-BASIS-2026Q3-GK-008,2026-09-23T16:00:00Z,GENERATOR,gs://well-workover-intervention-data/landing/generator/2026/09/23/well_run.parquet,BATCH-GELEKI-20260923-V1
2026-09-23,GK-009,,0,-2.5,False,95.0,185.0,,False,,HIGH,NORMAL,0.02,4.5,WELL_SPECIFIC,[],155.0,95.0,225.0,0.006,,False,0.0,0.68,25,0.0,0.0,0.0,,,NONE,,,"[{""tool"": ""TC-001:fit_decline_curve"", ""well_id"": ""GK-009"", ""status"": ""OK""}, {""tool"": ""TC-007:trigger_scan"", ""well_id"": ""GK-009"", ""status"": ""OK""}]",coxph-v1.0-geleki,1.0.0-geleki,2026-09-23,0,NORMAL,,5,GGS-BASIS-2026Q3-GK-009,2026-09-23T16:00:00Z,GENERATOR,gs://well-workover-intervention-data/landing/generator/2026/09/23/well_run.parquet,BATCH-GELEKI-20260923-V1
2026-09-23,GK-010,,0,-2.5,False,95.0,185.0,,False,,HIGH,NORMAL,0.02,4.5,WELL_SPECIFIC,[],155.0,95.0,225.0,0.006,,False,0.0,0.68,25,0.0,0.0,0.0,,,NONE,,,"[{""tool"": ""TC-001:fit_decline_curve"", ""well_id"": ""GK-010"", ""status"": ""OK""}, {""tool"": ""TC-007:trigger_scan"", ""well_id"": ""GK-010"", ""status"": ""OK""}]",coxph-v1.0-geleki,1.0.0-geleki,2026-09-23,0,NORMAL,,4,GGS-BASIS-2026Q3-GK-010,2026-09-23T16:00:00Z,GENERATOR,gs://well-workover-intervention-data/landing/generator/2026/09/23/well_run.parquet,BATCH-GELEKI-20260923-V1
2026-09-23,GK-011,,0,-2.5,False,95.0,185.0,,False,,HIGH,NORMAL,0.02,4.5,WELL_SPECIFIC,[],155.0,95.0,225.0,0.006,,False,0.0,0.68,25,0.0,0.0,0.0,,,NONE,,,"[{""tool"": ""TC-001:fit_decline_curve"", ""well_id"": ""GK-011"", ""status"": ""OK""}, {""tool"": ""TC-007:trigger_scan"", ""well_id"": ""GK-011"", ""status"": ""OK""}]",coxph-v1.0-geleki,1.0.0-geleki,2026-09-23,0,NORMAL,,5,GGS-BASIS-2026Q3-GK-011,2026-09-23T16:00:00Z,GENERATOR,gs://well-workover-intervention-data/landing/generator/2026/09/23/well_run.parquet,BATCH-GELEKI-20260923-V1
2026-09-23,GK-012,,0,-2.5,False,95.0,185.0,,False,,HIGH,NORMAL,0.02,4.5,WELL_SPECIFIC,[],155.0,95.0,225.0,0.006,,False,0.0,0.68,25,0.0,0.0,0.0,,,NONE,,,"[{""tool"": ""TC-001:fit_decline_curve"", ""well_id"": ""GK-012"", ""status"": ""OK""}, {""tool"": ""TC-007:trigger_scan"", ""well_id"": ""GK-012"", ""status"": ""OK""}]",coxph-v1.0-geleki,1.0.0-geleki,2026-09-23,0,NORMAL,,6,GGS-BASIS-2026Q3-GK-012,2026-09-23T16:00:00Z,GENERATOR,gs://well-workover-intervention-data/landing/generator/2026/09/23/well_run.parquet,BATCH-GELEKI-20260923-V1
2026-09-23,GK-013,,0,-2.5,False,95.0,185.0,,False,,HIGH,NORMAL,0.02,4.5,WELL_SPECIFIC,[],155.0,95.0,225.0,0.006,,False,0.0,0.68,25,0.0,0.0,0.0,,,NONE,,,"[{""tool"": ""TC-001:fit_decline_curve"", ""well_id"": ""GK-013"", ""status"": ""OK""}, {""tool"": ""TC-007:trigger_scan"", ""well_id"": ""GK-013"", ""status"": ""OK""}]",coxph-v1.0-geleki,1.0.0-geleki,2026-09-10,13,LOW_CONFIDENCE,Data lag > 3 days,4,GGS-BASIS-2026Q3-GK-013,2026-09-23T16:00:00Z,GENERATOR,gs://well-workover-intervention-data/landing/generator/2026/09/23/well_run.parquet,BATCH-GELEKI-20260923-V1
2026-09-23,GK-014,,0,-2.5,False,95.0,185.0,,False,,HIGH,NORMAL,0.02,4.5,WELL_SPECIFIC,[],155.0,95.0,225.0,0.006,,False,0.0,0.68,25,0.0,0.0,0.0,,,NONE,,,"[{""tool"": ""TC-001:fit_decline_curve"", ""well_id"": ""GK-014"", ""status"": ""OK""}, {""tool"": ""TC-007:trigger_scan"", ""well_id"": ""GK-014"", ""status"": ""OK""}]",coxph-v1.0-geleki,1.0.0-geleki,2026-09-23,0,NORMAL,,5,GGS-BASIS-2026Q3-GK-014,2026-09-23T16:00:00Z,GENERATOR,gs://well-workover-intervention-data/landing/generator/2026/09/23/well_run.parquet,BATCH-GELEKI-20260923-V1
2026-09-23,GK-015,,0,-2.5,False,95.0,185.0,,False,,HIGH,NORMAL,0.02,4.5,WELL_SPECIFIC,[],155.0,95.0,225.0,0.006,,False,0.0,0.68,25,0.0,0.0,0.0,,,NONE,,,"[{""tool"": ""TC-001:fit_decline_curve"", ""well_id"": ""GK-015"", ""status"": ""OK""}, {""tool"": ""TC-007:trigger_scan"", ""well_id"": ""GK-015"", ""status"": ""OK""}]",coxph-v1.0-geleki,1.0.0-geleki,2026-09-23,0,NORMAL,,5,GGS-BASIS-2026Q3-GK-015,2026-09-23T16:00:00Z,GENERATOR,gs://well-workover-intervention-data/landing/generator/2026/09/23/well_run.parquet,BATCH-GELEKI-20260923-V1
2026-09-23,GK-016,,0,-2.5,False,95.0,185.0,,False,,HIGH,NORMAL,0.02,4.5,WELL_SPECIFIC,[],155.0,95.0,225.0,0.006,,False,0.0,0.68,25,0.0,0.0,0.0,,,NONE,,,"[{""tool"": ""TC-001:fit_decline_curve"", ""well_id"": ""GK-016"", ""status"": ""OK""}, {""tool"": ""TC-007:trigger_scan"", ""well_id"": ""GK-016"", ""status"": ""OK""}]",coxph-v1.0-geleki,1.0.0-geleki,2026-09-23,0,NORMAL,,4,GGS-BASIS-2026Q3-GK-016,2026-09-23T16:00:00Z,GENERATOR,gs://well-workover-intervention-data/landing/generator/2026/09/23/well_run.parquet,BATCH-GELEKI-20260923-V1
2026-09-23,GK-017,,0,-2.5,False,95.0,185.0,,False,,HIGH,NORMAL,0.02,4.5,WELL_SPECIFIC,[],155.0,95.0,225.0,0.006,,False,0.0,0.68,25,0.0,0.0,0.0,,,NONE,,,"[{""tool"": ""TC-001:fit_decline_curve"", ""well_id"": ""GK-017"", ""status"": ""OK""}, {""tool"": ""TC-007:trigger_scan"", ""well_id"": ""GK-017"", ""status"": ""OK""}]",coxph-v1.0-geleki,1.0.0-geleki,2026-09-23,0,NORMAL,,5,GGS-BASIS-2026Q3-GK-017,2026-09-23T16:00:00Z,GENERATOR,gs://well-workover-intervention-data/landing/generator/2026/09/23/well_run.parquet,BATCH-GELEKI-20260923-V1
2026-09-23,GK-018,,0,-2.5,False,95.0,185.0,,False,,HIGH,NORMAL,0.02,4.5,WELL_SPECIFIC,[],155.0,95.0,225.0,0.006,,False,0.0,0.68,25,0.0,0.0,0.0,,,NONE,,,"[{""tool"": ""TC-001:fit_decline_curve"", ""well_id"": ""GK-018"", ""status"": ""OK""}, {""tool"": ""TC-007:trigger_scan"", ""well_id"": ""GK-018"", ""status"": ""OK""}]",coxph-v1.0-geleki,1.0.0-geleki,2026-09-23,0,NORMAL,,5,GGS-BASIS-2026Q3-GK-018,2026-09-23T16:00:00Z,GENERATOR,gs://well-workover-intervention-data/landing/generator/2026/09/23/well_run.parquet,BATCH-GELEKI-20260923-V1
2026-09-23,GK-019,,0,-2.5,False,95.0,185.0,,False,,HIGH,NORMAL,0.02,4.5,WELL_SPECIFIC,[],155.0,95.0,225.0,0.006,,False,0.0,0.68,25,0.0,0.0,0.0,,,NONE,,,"[{""tool"": ""TC-001:fit_decline_curve"", ""well_id"": ""GK-019"", ""status"": ""OK""}, {""tool"": ""TC-007:trigger_scan"", ""well_id"": ""GK-019"", ""status"": ""OK""}]",coxph-v1.0-geleki,1.0.0-geleki,2026-09-23,0,NORMAL,,5,GGS-BASIS-2026Q3-GK-019,2026-09-23T16:00:00Z,GENERATOR,gs://well-workover-intervention-data/landing/generator/2026/09/23/well_run.parquet,BATCH-GELEKI-20260923-V1
2026-09-23,GK-020,,0,-2.5,False,95.0,185.0,,False,,HIGH,NORMAL,0.02,4.5,WELL_SPECIFIC,[],155.0,95.0,225.0,0.006,,False,0.0,0.68,25,0.0,0.0,0.0,,,NONE,,,"[{""tool"": ""TC-001:fit_decline_curve"", ""well_id"": ""GK-020"", ""status"": ""OK""}, {""tool"": ""TC-007:trigger_scan"", ""well_id"": ""GK-020"", ""status"": ""OK""}]",coxph-v1.0-geleki,1.0.0-geleki,2026-09-23,0,NORMAL,,5,GGS-BASIS-2026Q3-GK-020,2026-09-23T16:00:00Z,GENERATOR,gs://well-workover-intervention-data/landing/generator/2026/09/23/well_run.parquet,BATCH-GELEKI-20260923-V1
2026-09-23,GK-021,,0,-2.5,False,95.0,185.0,,False,,HIGH,NORMAL,0.02,4.5,WELL_SPECIFIC,[],155.0,95.0,225.0,0.006,,False,0.0,0.68,25,0.0,0.0,0.0,,,NONE,,,"[{""tool"": ""TC-001:fit_decline_curve"", ""well_id"": ""GK-021"", ""status"": ""OK""}, {""tool"": ""TC-007:trigger_scan"", ""well_id"": ""GK-021"", ""status"": ""OK""}]",coxph-v1.0-geleki,1.0.0-geleki,2026-09-23,0,NORMAL,,5,GGS-BASIS-2026Q3-GK-021,2026-09-23T16:00:00Z,GENERATOR,gs://well-workover-intervention-data/landing/generator/2026/09/23/well_run.parquet,BATCH-GELEKI-20260923-V1
2026-09-23,GK-022,,0,-2.5,False,95.0,185.0,,False,,HIGH,NORMAL,0.02,4.5,WELL_SPECIFIC,[],155.0,95.0,225.0,0.006,,False,0.0,0.68,25,0.0,0.0,0.0,,,NONE,,,"[{""tool"": ""TC-001:fit_decline_curve"", ""well_id"": ""GK-022"", ""status"": ""OK""}, {""tool"": ""TC-007:trigger_scan"", ""well_id"": ""GK-022"", ""status"": ""OK""}]",coxph-v1.0-geleki,1.0.0-geleki,2026-09-23,0,NORMAL,,5,GGS-BASIS-2026Q3-GK-022,2026-09-23T16:00:00Z,GENERATOR,gs://well-workover-intervention-data/landing/generator/2026/09/23/well_run.parquet,BATCH-GELEKI-20260923-V1
2026-09-23,GK-023,,0,-2.5,False,95.0,185.0,,False,,HIGH,NORMAL,0.02,4.5,WELL_SPECIFIC,[],155.0,95.0,225.0,0.006,,False,0.0,0.68,25,0.0,0.0,0.0,,,NONE,,,"[{""tool"": ""TC-001:fit_decline_curve"", ""well_id"": ""GK-023"", ""status"": ""OK""}, {""tool"": ""TC-007:trigger_scan"", ""well_id"": ""GK-023"", ""status"": ""OK""}]",coxph-v1.0-geleki,1.0.0-geleki,2026-09-23,0,NORMAL,,4,GGS-BASIS-2026Q3-GK-023,2026-09-23T16:00:00Z,GENERATOR,gs://well-workover-intervention-data/landing/generator/2026/09/23/well_run.parquet,BATCH-GELEKI-20260923-V1
2026-09-23,GK-024,,0,-2.5,False,95.0,185.0,,False,,HIGH,NORMAL,0.02,4.5,WELL_SPECIFIC,[],155.0,95.0,225.0,0.006,,False,0.0,0.68,25,0.0,0.0,0.0,,,NONE,,,"[{""tool"": ""TC-001:fit_decline_curve"", ""well_id"": ""GK-024"", ""status"": ""OK""}, {""tool"": ""TC-007:trigger_scan"", ""well_id"": ""GK-024"", ""status"": ""OK""}]",coxph-v1.0-geleki,1.0.0-geleki,2026-09-23,0,NORMAL,,5,GGS-BASIS-2026Q3-GK-024,2026-09-23T16:00:00Z,GENERATOR,gs://well-workover-intervention-data/landing/generator/2026/09/23/well_run.parquet,BATCH-GELEKI-20260923-V1
2026-09-23,GK-025,,0,-2.5,False,95.0,185.0,,False,,HIGH,NORMAL,0.02,4.5,WELL_SPECIFIC,[],155.0,95.0,225.0,0.006,,False,0.0,0.68,25,0.0,0.0,0.0,,,NONE,,,"[{""tool"": ""TC-001:fit_decline_curve"", ""well_id"": ""GK-025"", ""status"": ""OK""}, {""tool"": ""TC-007:trigger_scan"", ""well_id"": ""GK-025"", ""status"": ""OK""}]",coxph-v1.0-geleki,1.0.0-geleki,2026-09-23,0,NORMAL,,4,GGS-BASIS-2026Q3-GK-025,2026-09-23T16:00:00Z,GENERATOR,gs://well-workover-intervention-data/landing/generator/2026/09/23/well_run.parquet,BATCH-GELEKI-20260923-V1
2026-09-23,GK-026,,0,-2.5,False,95.0,185.0,,False,,HIGH,NORMAL,0.02,4.5,WELL_SPECIFIC,[],155.0,95.0,225.0,0.006,,False,0.0,0.68,25,0.0,0.0,0.0,,,NONE,,,"[{""tool"": ""TC-001:fit_decline_curve"", ""well_id"": ""GK-026"", ""status"": ""OK""}, {""tool"": ""TC-007:trigger_scan"", ""well_id"": ""GK-026"", ""status"": ""OK""}]",coxph-v1.0-geleki,1.0.0-geleki,2026-09-23,0,NORMAL,,5,GGS-BASIS-2026Q3-GK-026,2026-09-23T16:00:00Z,GENERATOR,gs://well-workover-intervention-data/landing/generator/2026/09/23/well_run.parquet,BATCH-GELEKI-20260923-V1
2026-09-23,GK-027,,0,-2.5,False,95.0,185.0,,False,,HIGH,NORMAL,0.02,4.5,WELL_SPECIFIC,[],155.0,95.0,225.0,0.006,,False,0.0,0.68,25,0.0,0.0,0.0,,,NONE,,,"[{""tool"": ""TC-001:fit_decline_curve"", ""well_id"": ""GK-027"", ""status"": ""OK""}, {""tool"": ""TC-007:trigger_scan"", ""well_id"": ""GK-027"", ""status"": ""OK""}]",coxph-v1.0-geleki,1.0.0-geleki,2026-09-23,0,NORMAL,,5,GGS-BASIS-2026Q3-GK-027,2026-09-23T16:00:00Z,GENERATOR,gs://well-workover-intervention-data/landing/generator/2026/09/23/well_run.parquet,BATCH-GELEKI-20260923-V1
2026-09-23,GK-028,,0,-2.5,False,95.0,185.0,,False,,HIGH,NORMAL,0.02,4.5,WELL_SPECIFIC,[],155.0,95.0,225.0,0.006,,False,0.0,0.68,25,0.0,0.0,0.0,,,NONE,,,"[{""tool"": ""TC-001:fit_decline_curve"", ""well_id"": ""GK-028"", ""status"": ""OK""}, {""tool"": ""TC-007:trigger_scan"", ""well_id"": ""GK-028"", ""status"": ""OK""}]",coxph-v1.0-geleki,1.0.0-geleki,2026-08-31,23,LOW_CONFIDENCE,Data lag > 3 days,3,GGS-BASIS-2026Q3-GK-028,2026-09-23T16:00:00Z,GENERATOR,gs://well-workover-intervention-data/landing/generator/2026/09/23/well_run.parquet,BATCH-GELEKI-20260923-V1
2026-09-23,GK-029,,0,-2.5,False,95.0,185.0,,False,,HIGH,NORMAL,0.02,4.5,WELL_SPECIFIC,[],155.0,95.0,225.0,0.006,,False,0.0,0.68,25,0.0,0.0,0.0,,,NONE,,,"[{""tool"": ""TC-001:fit_decline_curve"", ""well_id"": ""GK-029"", ""status"": ""OK""}, {""tool"": ""TC-007:trigger_scan"", ""well_id"": ""GK-029"", ""status"": ""OK""}]",coxph-v1.0-geleki,1.0.0-geleki,2026-09-23,0,NORMAL,,5,GGS-BASIS-2026Q3-GK-029,2026-09-23T16:00:00Z,GENERATOR,gs://well-workover-intervention-data/landing/generator/2026/09/23/well_run.parquet,BATCH-GELEKI-20260923-V1
2026-09-23,GK-030,,0,-2.5,False,95.0,185.0,,False,,HIGH,NORMAL,0.02,4.5,WELL_SPECIFIC,[],155.0,95.0,225.0,0.006,,False,0.0,0.68,25,0.0,0.0,0.0,,,NONE,,,"[{""tool"": ""TC-001:fit_decline_curve"", ""well_id"": ""GK-030"", ""status"": ""OK""}, {""tool"": ""TC-007:trigger_scan"", ""well_id"": ""GK-030"", ""status"": ""OK""}]",coxph-v1.0-geleki,1.0.0-geleki,2026-09-11,12,LOW_CONFIDENCE,Data lag > 3 days,4,GGS-BASIS-2026Q3-GK-030,2026-09-23T16:00:00Z,GENERATOR,gs://well-workover-intervention-data/landing/generator/2026/09/23/well_run.parquet,BATCH-GELEKI-20260923-V1
2026-09-23,GK-031,,0,-2.5,False,95.0,185.0,,False,,HIGH,NORMAL,0.02,4.5,WELL_SPECIFIC,[],155.0,95.0,225.0,0.006,,False,0.0,0.68,25,0.0,0.0,0.0,,,NONE,,,"[{""tool"": ""TC-001:fit_decline_curve"", ""well_id"": ""GK-031"", ""status"": ""OK""}, {""tool"": ""TC-007:trigger_scan"", ""well_id"": ""GK-031"", ""status"": ""OK""}]",coxph-v1.0-geleki,1.0.0-geleki,2026-09-23,0,NORMAL,,0,GGS-BASIS-2026Q3-GK-031,2026-09-23T16:00:00Z,GENERATOR,gs://well-workover-intervention-data/landing/generator/2026/09/23/well_run.parquet,BATCH-GELEKI-20260923-V1
2026-09-23,GK-032,,0,-2.5,False,95.0,185.0,,False,,HIGH,NORMAL,0.02,4.5,WELL_SPECIFIC,[],155.0,95.0,225.0,0.006,,False,0.0,0.68,25,0.0,0.0,0.0,,,NONE,,,"[{""tool"": ""TC-001:fit_decline_curve"", ""well_id"": ""GK-032"", ""status"": ""OK""}, {""tool"": ""TC-007:trigger_scan"", ""well_id"": ""GK-032"", ""status"": ""OK""}]",coxph-v1.0-geleki,1.0.0-geleki,2026-09-23,0,NORMAL,,5,GGS-BASIS-2026Q3-GK-032,2026-09-23T16:00:00Z,GENERATOR,gs://well-workover-intervention-data/landing/generator/2026/09/23/well_run.parquet,BATCH-GELEKI-20260923-V1
2026-09-23,GK-033,,0,-2.5,False,95.0,185.0,,False,,HIGH,NORMAL,0.02,4.5,WELL_SPECIFIC,[],155.0,95.0,225.0,0.006,,False,0.0,0.68,25,0.0,0.0,0.0,,,NONE,,,"[{""tool"": ""TC-001:fit_decline_curve"", ""well_id"": ""GK-033"", ""status"": ""OK""}, {""tool"": ""TC-007:trigger_scan"", ""well_id"": ""GK-033"", ""status"": ""OK""}]",coxph-v1.0-geleki,1.0.0-geleki,2026-09-23,0,NORMAL,,3,GGS-BASIS-2026Q3-GK-033,2026-09-23T16:00:00Z,GENERATOR,gs://well-workover-intervention-data/landing/generator/2026/09/23/well_run.parquet,BATCH-GELEKI-20260923-V1
2026-09-23,GK-034,,0,-2.5,False,95.0,185.0,,False,,HIGH,NORMAL,0.02,4.5,WELL_SPECIFIC,[],155.0,95.0,225.0,0.006,,False,0.0,0.68,25,0.0,0.0,0.0,,,NONE,,,"[{""tool"": ""TC-001:fit_decline_curve"", ""well_id"": ""GK-034"", ""status"": ""OK""}, {""tool"": ""TC-007:trigger_scan"", ""well_id"": ""GK-034"", ""status"": ""OK""}]",coxph-v1.0-geleki,1.0.0-geleki,2026-09-23,0,NORMAL,,5,GGS-BASIS-2026Q3-GK-034,2026-09-23T16:00:00Z,GENERATOR,gs://well-workover-intervention-data/landing/generator/2026/09/23/well_run.parquet,BATCH-GELEKI-20260923-V1
2026-09-23,GK-035,,0,-2.5,False,95.0,185.0,,False,,HIGH,NORMAL,0.02,4.5,WELL_SPECIFIC,[],155.0,95.0,225.0,0.006,,False,0.0,0.68,25,0.0,0.0,0.0,,,NONE,,,"[{""tool"": ""TC-001:fit_decline_curve"", ""well_id"": ""GK-035"", ""status"": ""OK""}, {""tool"": ""TC-007:trigger_scan"", ""well_id"": ""GK-035"", ""status"": ""OK""}]",coxph-v1.0-geleki,1.0.0-geleki,2026-08-29,25,LOW_CONFIDENCE,Data lag > 3 days,4,GGS-BASIS-2026Q3-GK-035,2026-09-23T16:00:00Z,GENERATOR,gs://well-workover-intervention-data/landing/generator/2026/09/23/well_run.parquet,BATCH-GELEKI-20260923-V1
2026-09-23,GK-036,,0,-2.5,False,95.0,185.0,,False,,HIGH,NORMAL,0.02,4.5,WELL_SPECIFIC,[],155.0,95.0,225.0,0.006,,False,0.0,0.68,25,0.0,0.0,0.0,,,NONE,,,"[{""tool"": ""TC-001:fit_decline_curve"", ""well_id"": ""GK-036"", ""status"": ""OK""}, {""tool"": ""TC-007:trigger_scan"", ""well_id"": ""GK-036"", ""status"": ""OK""}]",coxph-v1.0-geleki,1.0.0-geleki,2026-09-23,0,NORMAL,,5,GGS-BASIS-2026Q3-GK-036,2026-09-23T16:00:00Z,GENERATOR,gs://well-workover-intervention-data/landing/generator/2026/09/23/well_run.parquet,BATCH-GELEKI-20260923-V1
2026-09-23,GK-037,,0,-2.5,False,95.0,185.0,,False,,HIGH,NORMAL,0.02,4.5,WELL_SPECIFIC,[],155.0,95.0,225.0,0.006,,False,0.0,0.68,25,0.0,0.0,0.0,,,NONE,,,"[{""tool"": ""TC-001:fit_decline_curve"", ""well_id"": ""GK-037"", ""status"": ""OK""}, {""tool"": ""TC-007:trigger_scan"", ""well_id"": ""GK-037"", ""status"": ""OK""}]",coxph-v1.0-geleki,1.0.0-geleki,2026-09-23,0,NORMAL,,5,GGS-BASIS-2026Q3-GK-037,2026-09-23T16:00:00Z,GENERATOR,gs://well-workover-intervention-data/landing/generator/2026/09/23/well_run.parquet,BATCH-GELEKI-20260923-V1
2026-09-23,GK-038,,0,-2.5,False,95.0,185.0,,False,,HIGH,NORMAL,0.02,4.5,WELL_SPECIFIC,[],155.0,95.0,225.0,0.006,,False,0.0,0.68,25,0.0,0.0,0.0,,,NONE,,,"[{""tool"": ""TC-001:fit_decline_curve"", ""well_id"": ""GK-038"", ""status"": ""OK""}, {""tool"": ""TC-007:trigger_scan"", ""well_id"": ""GK-038"", ""status"": ""OK""}]",coxph-v1.0-geleki,1.0.0-geleki,2026-09-23,0,NORMAL,,0,GGS-BASIS-2026Q3-GK-038,2026-09-23T16:00:00Z,GENERATOR,gs://well-workover-intervention-data/landing/generator/2026/09/23/well_run.parquet,BATCH-GELEKI-20260923-V1
2026-09-23,GK-039,,0,-2.5,False,95.0,185.0,,False,,HIGH,NORMAL,0.02,4.5,WELL_SPECIFIC,[],155.0,95.0,225.0,0.006,,False,0.0,0.68,25,0.0,0.0,0.0,,,NONE,,,"[{""tool"": ""TC-001:fit_decline_curve"", ""well_id"": ""GK-039"", ""status"": ""OK""}, {""tool"": ""TC-007:trigger_scan"", ""well_id"": ""GK-039"", ""status"": ""OK""}]",coxph-v1.0-geleki,1.0.0-geleki,2026-09-23,0,NORMAL,,4,GGS-BASIS-2026Q3-GK-039,2026-09-23T16:00:00Z,GENERATOR,gs://well-workover-intervention-data/landing/generator/2026/09/23/well_run.parquet,BATCH-GELEKI-20260923-V1
2026-09-23,GK-040,,0,-2.5,False,95.0,185.0,,False,,HIGH,NORMAL,0.02,4.5,WELL_SPECIFIC,[],155.0,95.0,225.0,0.006,,False,0.0,0.68,25,0.0,0.0,0.0,,,NONE,,,"[{""tool"": ""TC-001:fit_decline_curve"", ""well_id"": ""GK-040"", ""status"": ""OK""}, {""tool"": ""TC-007:trigger_scan"", ""well_id"": ""GK-040"", ""status"": ""OK""}]",coxph-v1.0-geleki,1.0.0-geleki,2026-09-23,0,NORMAL,,3,GGS-BASIS-2026Q3-GK-040,2026-09-23T16:00:00Z,GENERATOR,gs://well-workover-intervention-data/landing/generator/2026/09/23/well_run.parquet,BATCH-GELEKI-20260923-V1
2026-09-23,GK-041,,0,-2.5,False,95.0,185.0,,False,,HIGH,NORMAL,0.02,4.5,WELL_SPECIFIC,[],155.0,95.0,225.0,0.006,,False,0.0,0.68,25,0.0,0.0,0.0,,,NONE,,,"[{""tool"": ""TC-001:fit_decline_curve"", ""well_id"": ""GK-041"", ""status"": ""OK""}, {""tool"": ""TC-007:trigger_scan"", ""well_id"": ""GK-041"", ""status"": ""OK""}]",coxph-v1.0-geleki,1.0.0-geleki,2026-09-23,0,NORMAL,,5,GGS-BASIS-2026Q3-GK-041,2026-09-23T16:00:00Z,GENERATOR,gs://well-workover-intervention-data/landing/generator/2026/09/23/well_run.parquet,BATCH-GELEKI-20260923-V1
2026-09-23,GK-042,,0,-2.5,False,95.0,185.0,,False,,HIGH,NORMAL,0.02,4.5,WELL_SPECIFIC,[],155.0,95.0,225.0,0.006,,False,0.0,0.68,25,0.0,0.0,0.0,,,NONE,,,"[{""tool"": ""TC-001:fit_decline_curve"", ""well_id"": ""GK-042"", ""status"": ""OK""}, {""tool"": ""TC-007:trigger_scan"", ""well_id"": ""GK-042"", ""status"": ""OK""}]",coxph-v1.0-geleki,1.0.0-geleki,2026-09-23,0,NORMAL,,5,GGS-BASIS-2026Q3-GK-042,2026-09-23T16:00:00Z,GENERATOR,gs://well-workover-intervention-data/landing/generator/2026/09/23/well_run.parquet,BATCH-GELEKI-20260923-V1
2026-09-23,GK-043,,0,-2.5,False,95.0,185.0,,False,,HIGH,NORMAL,0.02,4.5,WELL_SPECIFIC,[],155.0,95.0,225.0,0.006,,False,0.0,0.68,25,0.0,0.0,0.0,,,NONE,,,"[{""tool"": ""TC-001:fit_decline_curve"", ""well_id"": ""GK-043"", ""status"": ""OK""}, {""tool"": ""TC-007:trigger_scan"", ""well_id"": ""GK-043"", ""status"": ""OK""}]",coxph-v1.0-geleki,1.0.0-geleki,2026-09-23,0,NORMAL,,5,GGS-BASIS-2026Q3-GK-043,2026-09-23T16:00:00Z,GENERATOR,gs://well-workover-intervention-data/landing/generator/2026/09/23/well_run.parquet,BATCH-GELEKI-20260923-V1
2026-09-23,GK-044,,0,-2.5,False,95.0,185.0,,False,,HIGH,NORMAL,0.02,4.5,WELL_SPECIFIC,[],155.0,95.0,225.0,0.006,,False,0.0,0.68,25,0.0,0.0,0.0,,,NONE,,,"[{""tool"": ""TC-001:fit_decline_curve"", ""well_id"": ""GK-044"", ""status"": ""OK""}, {""tool"": ""TC-007:trigger_scan"", ""well_id"": ""GK-044"", ""status"": ""OK""}]",coxph-v1.0-geleki,1.0.0-geleki,2026-09-23,0,NORMAL,,5,GGS-BASIS-2026Q3-GK-044,2026-09-23T16:00:00Z,GENERATOR,gs://well-workover-intervention-data/landing/generator/2026/09/23/well_run.parquet,BATCH-GELEKI-20260923-V1
2026-09-23,GK-045,,0,-2.5,False,95.0,185.0,,False,,HIGH,NORMAL,0.02,4.5,WELL_SPECIFIC,[],155.0,95.0,225.0,0.006,,False,0.0,0.68,25,0.0,0.0,0.0,,,NONE,,,"[{""tool"": ""TC-001:fit_decline_curve"", ""well_id"": ""GK-045"", ""status"": ""OK""}, {""tool"": ""TC-007:trigger_scan"", ""well_id"": ""GK-045"", ""status"": ""OK""}]",coxph-v1.0-geleki,1.0.0-geleki,2026-09-23,0,NORMAL,,6,GGS-BASIS-2026Q3-GK-045,2026-09-23T16:00:00Z,GENERATOR,gs://well-workover-intervention-data/landing/generator/2026/09/23/well_run.parquet,BATCH-GELEKI-20260923-V1
2026-09-23,GK-046,,0,-2.5,False,95.0,185.0,,False,,HIGH,NORMAL,0.02,4.5,WELL_SPECIFIC,[],155.0,95.0,225.0,0.006,,False,0.0,0.68,25,0.0,0.0,0.0,,,NONE,,,"[{""tool"": ""TC-001:fit_decline_curve"", ""well_id"": ""GK-046"", ""status"": ""OK""}, {""tool"": ""TC-007:trigger_scan"", ""well_id"": ""GK-046"", ""status"": ""OK""}]",coxph-v1.0-geleki,1.0.0-geleki,2026-09-23,0,NORMAL,,5,GGS-BASIS-2026Q3-GK-046,2026-09-23T16:00:00Z,GENERATOR,gs://well-workover-intervention-data/landing/generator/2026/09/23/well_run.parquet,BATCH-GELEKI-20260923-V1
2026-09-23,GK-047,,0,-2.5,False,95.0,185.0,,False,,HIGH,NORMAL,0.02,4.5,WELL_SPECIFIC,[],155.0,95.0,225.0,0.006,,False,0.0,0.68,25,0.0,0.0,0.0,,,NONE,,,"[{""tool"": ""TC-001:fit_decline_curve"", ""well_id"": ""GK-047"", ""status"": ""OK""}, {""tool"": ""TC-007:trigger_scan"", ""well_id"": ""GK-047"", ""status"": ""OK""}]",coxph-v1.0-geleki,1.0.0-geleki,2026-09-23,0,NORMAL,,4,GGS-BASIS-2026Q3-GK-047,2026-09-23T16:00:00Z,GENERATOR,gs://well-workover-intervention-data/landing/generator/2026/09/23/well_run.parquet,BATCH-GELEKI-20260923-V1
2026-09-23,GK-048,,0,-2.5,False,95.0,185.0,,False,,HIGH,NORMAL,0.02,4.5,WELL_SPECIFIC,[],155.0,95.0,225.0,0.006,,False,0.0,0.68,25,0.0,0.0,0.0,,,NONE,,,"[{""tool"": ""TC-001:fit_decline_curve"", ""well_id"": ""GK-048"", ""status"": ""OK""}, {""tool"": ""TC-007:trigger_scan"", ""well_id"": ""GK-048"", ""status"": ""OK""}]",coxph-v1.0-geleki,1.0.0-geleki,2026-09-23,0,NORMAL,,4,GGS-BASIS-2026Q3-GK-048,2026-09-23T16:00:00Z,GENERATOR,gs://well-workover-intervention-data/landing/generator/2026/09/23/well_run.parquet,BATCH-GELEKI-20260923-V1
2026-09-23,GK-049,,0,-2.5,False,95.0,185.0,,False,,HIGH,NORMAL,0.02,4.5,WELL_SPECIFIC,[],155.0,95.0,225.0,0.006,,False,0.0,0.68,25,0.0,0.0,0.0,,,NONE,,,"[{""tool"": ""TC-001:fit_decline_curve"", ""well_id"": ""GK-049"", ""status"": ""OK""}, {""tool"": ""TC-007:trigger_scan"", ""well_id"": ""GK-049"", ""status"": ""OK""}]",coxph-v1.0-geleki,1.0.0-geleki,2026-09-18,5,LOW_CONFIDENCE,Data lag > 3 days,5,GGS-BASIS-2026Q3-GK-049,2026-09-23T16:00:00Z,GENERATOR,gs://well-workover-intervention-data/landing/generator/2026/09/23/well_run.parquet,BATCH-GELEKI-20260923-V1
2026-09-23,GK-050,,0,-2.5,False,95.0,185.0,,False,,HIGH,NORMAL,0.02,4.5,WELL_SPECIFIC,[],155.0,95.0,225.0,0.006,,False,0.0,0.68,25,0.0,0.0,0.0,,,NONE,,,"[{""tool"": ""TC-001:fit_decline_curve"", ""well_id"": ""GK-050"", ""status"": ""OK""}, {""tool"": ""TC-007:trigger_scan"", ""well_id"": ""GK-050"", ""status"": ""OK""}]",coxph-v1.0-geleki,1.0.0-geleki,2026-09-23,0,NORMAL,,5,GGS-BASIS-2026Q3-GK-050,2026-09-23T16:00:00Z,GENERATOR,gs://well-workover-intervention-data/landing/generator/2026/09/23/well_run.parquet,BATCH-GELEKI-20260923-V1
2026-09-23,GK-051,,0,-2.5,False,95.0,185.0,,False,,HIGH,NORMAL,0.02,4.5,WELL_SPECIFIC,[],155.0,95.0,225.0,0.006,,False,0.0,0.68,25,0.0,0.0,0.0,,,NONE,,,"[{""tool"": ""TC-001:fit_decline_curve"", ""well_id"": ""GK-051"", ""status"": ""OK""}, {""tool"": ""TC-007:trigger_scan"", ""well_id"": ""GK-051"", ""status"": ""OK""}]",coxph-v1.0-geleki,1.0.0-geleki,2026-09-23,0,NORMAL,,4,GGS-BASIS-2026Q3-GK-051,2026-09-23T16:00:00Z,GENERATOR,gs://well-workover-intervention-data/landing/generator/2026/09/23/well_run.parquet,BATCH-GELEKI-20260923-V1
2026-09-23,GK-052,,0,-2.5,False,95.0,185.0,,False,,HIGH,NORMAL,0.02,4.5,WELL_SPECIFIC,[],155.0,95.0,225.0,0.006,,False,0.0,0.68,25,0.0,0.0,0.0,,,NONE,,,"[{""tool"": ""TC-001:fit_decline_curve"", ""well_id"": ""GK-052"", ""status"": ""OK""}, {""tool"": ""TC-007:trigger_scan"", ""well_id"": ""GK-052"", ""status"": ""OK""}]",coxph-v1.0-geleki,1.0.0-geleki,2026-09-23,0,NORMAL,,5,GGS-BASIS-2026Q3-GK-052,2026-09-23T16:00:00Z,GENERATOR,gs://well-workover-intervention-data/landing/generator/2026/09/23/well_run.parquet,BATCH-GELEKI-20260923-V1
2026-09-23,GK-053,,0,-2.5,False,95.0,185.0,,False,,HIGH,NORMAL,0.02,4.5,WELL_SPECIFIC,[],155.0,95.0,225.0,0.006,,False,0.0,0.68,25,0.0,0.0,0.0,,,NONE,,,"[{""tool"": ""TC-001:fit_decline_curve"", ""well_id"": ""GK-053"", ""status"": ""OK""}, {""tool"": ""TC-007:trigger_scan"", ""well_id"": ""GK-053"", ""status"": ""OK""}]",coxph-v1.0-geleki,1.0.0-geleki,2026-09-23,0,NORMAL,,5,GGS-BASIS-2026Q3-GK-053,2026-09-23T16:00:00Z,GENERATOR,gs://well-workover-intervention-data/landing/generator/2026/09/23/well_run.parquet,BATCH-GELEKI-20260923-V1
2026-09-23,GK-054,,0,-2.5,False,95.0,185.0,,False,,HIGH,NORMAL,0.02,4.5,WELL_SPECIFIC,[],155.0,95.0,225.0,0.006,,False,0.0,0.68,25,0.0,0.0,0.0,,,NONE,,,"[{""tool"": ""TC-001:fit_decline_curve"", ""well_id"": ""GK-054"", ""status"": ""OK""}, {""tool"": ""TC-007:trigger_scan"", ""well_id"": ""GK-054"", ""status"": ""OK""}]",coxph-v1.0-geleki,1.0.0-geleki,2026-09-23,0,NORMAL,,4,GGS-BASIS-2026Q3-GK-054,2026-09-23T16:00:00Z,GENERATOR,gs://well-workover-intervention-data/landing/generator/2026/09/23/well_run.parquet,BATCH-GELEKI-20260923-V1
2026-09-23,GK-055,WATCH,21,-2.5,False,95.0,185.0,PUMP_WEAR,True,PUMP_WEAR,HIGH,NORMAL,0.05,27.3,WELL_SPECIFIC,[],31.0,19.0,48.0,0.032,SRP_PUMP_CHANGE,True,3.0,0.72,45,4690.0,141.4,47.1,2.0,2.0,RIG,,2026-09-24,"[{""tool"": ""TC-001:fit_decline_curve"", ""well_id"": ""GK-055"", ""status"": ""OK""}, {""tool"": ""TC-007:trigger_scan"", ""well_id"": ""GK-055"", ""status"": ""OK""}]",coxph-v1.0-geleki,1.0.0-geleki,2026-09-23,0,NORMAL,,5,GGS-BASIS-2026Q3-GK-055,2026-09-23T16:00:00Z,GENERATOR,gs://well-workover-intervention-data/landing/generator/2026/09/23/well_run.parquet,BATCH-GELEKI-20260923-V1
2026-09-23,GK-056,,0,-2.5,False,95.0,185.0,,False,,HIGH,NORMAL,0.02,4.5,WELL_SPECIFIC,[],155.0,95.0,225.0,0.006,,False,0.0,0.68,25,0.0,0.0,0.0,,,NONE,,,"[{""tool"": ""TC-001:fit_decline_curve"", ""well_id"": ""GK-056"", ""status"": ""OK""}, {""tool"": ""TC-007:trigger_scan"", ""well_id"": ""GK-056"", ""status"": ""OK""}]",coxph-v1.0-geleki,1.0.0-geleki,2026-09-23,0,NORMAL,,5,GGS-BASIS-2026Q3-GK-056,2026-09-23T16:00:00Z,GENERATOR,gs://well-workover-intervention-data/landing/generator/2026/09/23/well_run.parquet,BATCH-GELEKI-20260923-V1
2026-09-23,GK-057,,0,-2.5,False,95.0,185.0,,False,,HIGH,NORMAL,0.02,4.5,WELL_SPECIFIC,[],155.0,95.0,225.0,0.006,,False,0.0,0.68,25,0.0,0.0,0.0,,,NONE,,,"[{""tool"": ""TC-001:fit_decline_curve"", ""well_id"": ""GK-057"", ""status"": ""OK""}, {""tool"": ""TC-007:trigger_scan"", ""well_id"": ""GK-057"", ""status"": ""OK""}]",coxph-v1.0-geleki,1.0.0-geleki,2026-09-01,22,LOW_CONFIDENCE,Data lag > 3 days,4,GGS-BASIS-2026Q3-GK-057,2026-09-23T16:00:00Z,GENERATOR,gs://well-workover-intervention-data/landing/generator/2026/09/23/well_run.parquet,BATCH-GELEKI-20260923-V1
2026-09-23,GK-058,,0,-2.5,False,95.0,185.0,,False,,HIGH,NORMAL,0.02,4.5,WELL_SPECIFIC,[],155.0,95.0,225.0,0.006,,False,0.0,0.68,25,0.0,0.0,0.0,,,NONE,,,"[{""tool"": ""TC-001:fit_decline_curve"", ""well_id"": ""GK-058"", ""status"": ""OK""}, {""tool"": ""TC-007:trigger_scan"", ""well_id"": ""GK-058"", ""status"": ""OK""}]",coxph-v1.0-geleki,1.0.0-geleki,2026-09-23,0,NORMAL,,5,GGS-BASIS-2026Q3-GK-058,2026-09-23T16:00:00Z,GENERATOR,gs://well-workover-intervention-data/landing/generator/2026/09/23/well_run.parquet,BATCH-GELEKI-20260923-V1
2026-09-23,GK-059,,0,-2.5,False,95.0,185.0,,False,,HIGH,NORMAL,0.02,4.5,WELL_SPECIFIC,[],155.0,95.0,225.0,0.006,,False,0.0,0.68,25,0.0,0.0,0.0,,,NONE,,,"[{""tool"": ""TC-001:fit_decline_curve"", ""well_id"": ""GK-059"", ""status"": ""OK""}, {""tool"": ""TC-007:trigger_scan"", ""well_id"": ""GK-059"", ""status"": ""OK""}]",coxph-v1.0-geleki,1.0.0-geleki,2026-09-23,0,NORMAL,,0,GGS-BASIS-2026Q3-GK-059,2026-09-23T16:00:00Z,GENERATOR,gs://well-workover-intervention-data/landing/generator/2026/09/23/well_run.parquet,BATCH-GELEKI-20260923-V1
2026-09-23,GK-060,,0,-2.5,False,95.0,185.0,,False,,HIGH,NORMAL,0.02,4.5,WELL_SPECIFIC,[],155.0,95.0,225.0,0.006,,False,0.0,0.68,25,0.0,0.0,0.0,,,NONE,,,"[{""tool"": ""TC-001:fit_decline_curve"", ""well_id"": ""GK-060"", ""status"": ""OK""}, {""tool"": ""TC-007:trigger_scan"", ""well_id"": ""GK-060"", ""status"": ""OK""}]",coxph-v1.0-geleki,1.0.0-geleki,2026-09-23,0,NORMAL,,5,GGS-BASIS-2026Q3-GK-060,2026-09-23T16:00:00Z,GENERATOR,gs://well-workover-intervention-data/landing/generator/2026/09/23/well_run.parquet,BATCH-GELEKI-20260923-V1
2026-09-23,GK-061,,0,-2.5,False,95.0,185.0,,False,,HIGH,NORMAL,0.02,4.5,WELL_SPECIFIC,[],155.0,95.0,225.0,0.006,,False,0.0,0.68,25,0.0,0.0,0.0,,,NONE,,,"[{""tool"": ""TC-001:fit_decline_curve"", ""well_id"": ""GK-061"", ""status"": ""OK""}, {""tool"": ""TC-007:trigger_scan"", ""well_id"": ""GK-061"", ""status"": ""OK""}]",coxph-v1.0-geleki,1.0.0-geleki,2026-09-23,0,NORMAL,,4,GGS-BASIS-2026Q3-GK-061,2026-09-23T16:00:00Z,GENERATOR,gs://well-workover-intervention-data/landing/generator/2026/09/23/well_run.parquet,BATCH-GELEKI-20260923-V1
2026-09-23,GK-062,,0,-2.5,False,95.0,185.0,,False,,HIGH,NORMAL,0.02,4.5,WELL_SPECIFIC,[],155.0,95.0,225.0,0.006,,False,0.0,0.68,25,0.0,0.0,0.0,,,NONE,,,"[{""tool"": ""TC-001:fit_decline_curve"", ""well_id"": ""GK-062"", ""status"": ""OK""}, {""tool"": ""TC-007:trigger_scan"", ""well_id"": ""GK-062"", ""status"": ""OK""}]",coxph-v1.0-geleki,1.0.0-geleki,2026-09-23,0,NORMAL,,3,GGS-BASIS-2026Q3-GK-062,2026-09-23T16:00:00Z,GENERATOR,gs://well-workover-intervention-data/landing/generator/2026/09/23/well_run.parquet,BATCH-GELEKI-20260923-V1
2026-09-23,GK-063,,0,-2.5,False,95.0,185.0,,False,,HIGH,NORMAL,0.02,4.5,WELL_SPECIFIC,[],155.0,95.0,225.0,0.006,,False,0.0,0.68,25,0.0,0.0,0.0,,,NONE,,,"[{""tool"": ""TC-001:fit_decline_curve"", ""well_id"": ""GK-063"", ""status"": ""OK""}, {""tool"": ""TC-007:trigger_scan"", ""well_id"": ""GK-063"", ""status"": ""OK""}]",coxph-v1.0-geleki,1.0.0-geleki,2026-09-23,0,NORMAL,,3,GGS-BASIS-2026Q3-GK-063,2026-09-23T16:00:00Z,GENERATOR,gs://well-workover-intervention-data/landing/generator/2026/09/23/well_run.parquet,BATCH-GELEKI-20260923-V1
2026-09-23,GK-064,,0,-2.5,False,95.0,185.0,,False,,HIGH,NORMAL,0.02,4.5,WELL_SPECIFIC,[],155.0,95.0,225.0,0.006,,False,0.0,0.68,25,0.0,0.0,0.0,,,NONE,,,"[{""tool"": ""TC-001:fit_decline_curve"", ""well_id"": ""GK-064"", ""status"": ""OK""}, {""tool"": ""TC-007:trigger_scan"", ""well_id"": ""GK-064"", ""status"": ""OK""}]",coxph-v1.0-geleki,1.0.0-geleki,2026-08-16,38,LOW_CONFIDENCE,Data lag > 3 days,3,GGS-BASIS-2026Q3-GK-064,2026-09-23T16:00:00Z,GENERATOR,gs://well-workover-intervention-data/landing/generator/2026/09/23/well_run.parquet,BATCH-GELEKI-20260923-V1
2026-09-23,GK-065,,0,-2.5,False,95.0,185.0,,False,,HIGH,NORMAL,0.02,4.5,WELL_SPECIFIC,[],155.0,95.0,225.0,0.006,,False,0.0,0.68,25,0.0,0.0,0.0,,,NONE,,,"[{""tool"": ""TC-001:fit_decline_curve"", ""well_id"": ""GK-065"", ""status"": ""OK""}, {""tool"": ""TC-007:trigger_scan"", ""well_id"": ""GK-065"", ""status"": ""OK""}]",coxph-v1.0-geleki,1.0.0-geleki,2026-09-23,0,NORMAL,,5,GGS-BASIS-2026Q3-GK-065,2026-09-23T16:00:00Z,GENERATOR,gs://well-workover-intervention-data/landing/generator/2026/09/23/well_run.parquet,BATCH-GELEKI-20260923-V1
2026-09-23,GK-066,,0,-2.5,False,95.0,185.0,,False,,HIGH,NORMAL,0.02,4.5,WELL_SPECIFIC,[],155.0,95.0,225.0,0.006,,False,0.0,0.68,25,0.0,0.0,0.0,,,NONE,,,"[{""tool"": ""TC-001:fit_decline_curve"", ""well_id"": ""GK-066"", ""status"": ""OK""}, {""tool"": ""TC-007:trigger_scan"", ""well_id"": ""GK-066"", ""status"": ""OK""}]",coxph-v1.0-geleki,1.0.0-geleki,2026-09-23,0,NORMAL,,4,GGS-BASIS-2026Q3-GK-066,2026-09-23T16:00:00Z,GENERATOR,gs://well-workover-intervention-data/landing/generator/2026/09/23/well_run.parquet,BATCH-GELEKI-20260923-V1
2026-09-23,GK-067,,0,-2.5,False,95.0,185.0,,False,,HIGH,NORMAL,0.02,4.5,WELL_SPECIFIC,[],155.0,95.0,225.0,0.006,,False,0.0,0.68,25,0.0,0.0,0.0,,,NONE,,,"[{""tool"": ""TC-001:fit_decline_curve"", ""well_id"": ""GK-067"", ""status"": ""OK""}, {""tool"": ""TC-007:trigger_scan"", ""well_id"": ""GK-067"", ""status"": ""OK""}]",coxph-v1.0-geleki,1.0.0-geleki,2026-09-23,0,NORMAL,,5,GGS-BASIS-2026Q3-GK-067,2026-09-23T16:00:00Z,GENERATOR,gs://well-workover-intervention-data/landing/generator/2026/09/23/well_run.parquet,BATCH-GELEKI-20260923-V1
2026-09-23,GK-068,,0,-2.5,False,95.0,185.0,,False,,HIGH,NORMAL,0.02,4.5,WELL_SPECIFIC,[],155.0,95.0,225.0,0.006,,False,0.0,0.68,25,0.0,0.0,0.0,,,NONE,,,"[{""tool"": ""TC-001:fit_decline_curve"", ""well_id"": ""GK-068"", ""status"": ""OK""}, {""tool"": ""TC-007:trigger_scan"", ""well_id"": ""GK-068"", ""status"": ""OK""}]",coxph-v1.0-geleki,1.0.0-geleki,2026-09-20,3,NORMAL,,5,GGS-BASIS-2026Q3-GK-068,2026-09-23T16:00:00Z,GENERATOR,gs://well-workover-intervention-data/landing/generator/2026/09/23/well_run.parquet,BATCH-GELEKI-20260923-V1
2026-09-23,GK-069,,0,-2.5,False,95.0,185.0,,False,,HIGH,NORMAL,0.02,4.5,WELL_SPECIFIC,[],155.0,95.0,225.0,0.006,,False,0.0,0.68,25,0.0,0.0,0.0,,,NONE,,,"[{""tool"": ""TC-001:fit_decline_curve"", ""well_id"": ""GK-069"", ""status"": ""OK""}, {""tool"": ""TC-007:trigger_scan"", ""well_id"": ""GK-069"", ""status"": ""OK""}]",coxph-v1.0-geleki,1.0.0-geleki,2026-09-23,0,NORMAL,,0,GGS-BASIS-2026Q3-GK-069,2026-09-23T16:00:00Z,GENERATOR,gs://well-workover-intervention-data/landing/generator/2026/09/23/well_run.parquet,BATCH-GELEKI-20260923-V1
2026-09-23,GK-070,,0,-2.5,False,95.0,185.0,,False,,HIGH,NORMAL,0.02,4.5,WELL_SPECIFIC,[],155.0,95.0,225.0,0.006,,False,0.0,0.68,25,0.0,0.0,0.0,,,NONE,,,"[{""tool"": ""TC-001:fit_decline_curve"", ""well_id"": ""GK-070"", ""status"": ""OK""}, {""tool"": ""TC-007:trigger_scan"", ""well_id"": ""GK-070"", ""status"": ""OK""}]",coxph-v1.0-geleki,1.0.0-geleki,2026-09-23,0,NORMAL,,0,GGS-BASIS-2026Q3-GK-070,2026-09-23T16:00:00Z,GENERATOR,gs://well-workover-intervention-data/landing/generator/2026/09/23/well_run.parquet,BATCH-GELEKI-20260923-V1
2026-09-23,GK-071,,0,-2.5,False,95.0,185.0,,False,,HIGH,NORMAL,0.02,4.5,WELL_SPECIFIC,[],155.0,95.0,225.0,0.006,,False,0.0,0.68,25,0.0,0.0,0.0,,,NONE,,,"[{""tool"": ""TC-001:fit_decline_curve"", ""well_id"": ""GK-071"", ""status"": ""OK""}, {""tool"": ""TC-007:trigger_scan"", ""well_id"": ""GK-071"", ""status"": ""OK""}]",coxph-v1.0-geleki,1.0.0-geleki,2026-09-23,0,NORMAL,,4,GGS-BASIS-2026Q3-GK-071,2026-09-23T16:00:00Z,GENERATOR,gs://well-workover-intervention-data/landing/generator/2026/09/23/well_run.parquet,BATCH-GELEKI-20260923-V1
2026-09-23,GK-072,,0,-2.5,False,95.0,185.0,,False,,HIGH,NORMAL,0.02,4.5,WELL_SPECIFIC,[],155.0,95.0,225.0,0.006,,False,0.0,0.68,25,0.0,0.0,0.0,,,NONE,,,"[{""tool"": ""TC-001:fit_decline_curve"", ""well_id"": ""GK-072"", ""status"": ""OK""}, {""tool"": ""TC-007:trigger_scan"", ""well_id"": ""GK-072"", ""status"": ""OK""}]",coxph-v1.0-geleki,1.0.0-geleki,2026-09-23,0,NORMAL,,4,GGS-BASIS-2026Q3-GK-072,2026-09-23T16:00:00Z,GENERATOR,gs://well-workover-intervention-data/landing/generator/2026/09/23/well_run.parquet,BATCH-GELEKI-20260923-V1
2026-09-23,GK-073,,0,-2.5,False,95.0,185.0,,False,,HIGH,NORMAL,0.02,4.5,WELL_SPECIFIC,[],155.0,95.0,225.0,0.006,,False,0.0,0.68,25,0.0,0.0,0.0,,,NONE,,,"[{""tool"": ""TC-001:fit_decline_curve"", ""well_id"": ""GK-073"", ""status"": ""OK""}, {""tool"": ""TC-007:trigger_scan"", ""well_id"": ""GK-073"", ""status"": ""OK""}]",coxph-v1.0-geleki,1.0.0-geleki,2026-09-23,0,NORMAL,,5,GGS-BASIS-2026Q3-GK-073,2026-09-23T16:00:00Z,GENERATOR,gs://well-workover-intervention-data/landing/generator/2026/09/23/well_run.parquet,BATCH-GELEKI-20260923-V1
2026-09-23,GK-074,,0,-2.5,False,95.0,185.0,,False,,HIGH,NORMAL,0.02,4.5,WELL_SPECIFIC,[],155.0,95.0,225.0,0.006,,False,0.0,0.68,25,0.0,0.0,0.0,,,NONE,,,"[{""tool"": ""TC-001:fit_decline_curve"", ""well_id"": ""GK-074"", ""status"": ""OK""}, {""tool"": ""TC-007:trigger_scan"", ""well_id"": ""GK-074"", ""status"": ""OK""}]",coxph-v1.0-geleki,1.0.0-geleki,2026-09-23,0,NORMAL,,5,GGS-BASIS-2026Q3-GK-074,2026-09-23T16:00:00Z,GENERATOR,gs://well-workover-intervention-data/landing/generator/2026/09/23/well_run.parquet,BATCH-GELEKI-20260923-V1
2026-09-23,GK-075,,0,-2.5,False,95.0,185.0,,False,,HIGH,NORMAL,0.02,4.5,WELL_SPECIFIC,[],155.0,95.0,225.0,0.006,,False,0.0,0.68,25,0.0,0.0,0.0,,,NONE,,,"[{""tool"": ""TC-001:fit_decline_curve"", ""well_id"": ""GK-075"", ""status"": ""OK""}, {""tool"": ""TC-007:trigger_scan"", ""well_id"": ""GK-075"", ""status"": ""OK""}]",coxph-v1.0-geleki,1.0.0-geleki,2026-09-23,0,NORMAL,,0,GGS-BASIS-2026Q3-GK-075,2026-09-23T16:00:00Z,GENERATOR,gs://well-workover-intervention-data/landing/generator/2026/09/23/well_run.parquet,BATCH-GELEKI-20260923-V1
2026-09-23,GK-076,,0,-2.5,False,95.0,185.0,,False,,HIGH,NORMAL,0.02,4.5,WELL_SPECIFIC,[],155.0,95.0,225.0,0.006,,False,0.0,0.68,25,0.0,0.0,0.0,,,NONE,,,"[{""tool"": ""TC-001:fit_decline_curve"", ""well_id"": ""GK-076"", ""status"": ""OK""}, {""tool"": ""TC-007:trigger_scan"", ""well_id"": ""GK-076"", ""status"": ""OK""}]",coxph-v1.0-geleki,1.0.0-geleki,2026-07-06,79,LOW_CONFIDENCE,Data lag > 3 days,0,GGS-BASIS-2026Q3-GK-076,2026-09-23T16:00:00Z,GENERATOR,gs://well-workover-intervention-data/landing/generator/2026/09/23/well_run.parquet,BATCH-GELEKI-20260923-V1
2026-09-23,GK-077,,0,-2.5,False,95.0,185.0,,False,,HIGH,NORMAL,0.02,4.5,WELL_SPECIFIC,[],155.0,95.0,225.0,0.006,,False,0.0,0.68,25,0.0,0.0,0.0,,,NONE,,,"[{""tool"": ""TC-001:fit_decline_curve"", ""well_id"": ""GK-077"", ""status"": ""OK""}, {""tool"": ""TC-007:trigger_scan"", ""well_id"": ""GK-077"", ""status"": ""OK""}]",coxph-v1.0-geleki,1.0.0-geleki,2026-09-23,0,NORMAL,,0,GGS-BASIS-2026Q3-GK-077,2026-09-23T16:00:00Z,GENERATOR,gs://well-workover-intervention-data/landing/generator/2026/09/23/well_run.parquet,BATCH-GELEKI-20260923-V1
2026-09-23,GK-078,,0,-2.5,False,95.0,185.0,,False,,HIGH,NORMAL,0.02,4.5,WELL_SPECIFIC,[],155.0,95.0,225.0,0.006,,False,0.0,0.68,25,0.0,0.0,0.0,,,NONE,,,"[{""tool"": ""TC-001:fit_decline_curve"", ""well_id"": ""GK-078"", ""status"": ""OK""}, {""tool"": ""TC-007:trigger_scan"", ""well_id"": ""GK-078"", ""status"": ""OK""}]",coxph-v1.0-geleki,1.0.0-geleki,2026-09-23,0,NORMAL,,5,GGS-BASIS-2026Q3-GK-078,2026-09-23T16:00:00Z,GENERATOR,gs://well-workover-intervention-data/landing/generator/2026/09/23/well_run.parquet,BATCH-GELEKI-20260923-V1
2026-09-23,GK-079,,0,-2.5,False,95.0,185.0,,False,,HIGH,NORMAL,0.02,4.5,WELL_SPECIFIC,[],155.0,95.0,225.0,0.006,,False,0.0,0.68,25,0.0,0.0,0.0,,,NONE,,,"[{""tool"": ""TC-001:fit_decline_curve"", ""well_id"": ""GK-079"", ""status"": ""OK""}, {""tool"": ""TC-007:trigger_scan"", ""well_id"": ""GK-079"", ""status"": ""OK""}]",coxph-v1.0-geleki,1.0.0-geleki,2026-09-23,0,NORMAL,,3,GGS-BASIS-2026Q3-GK-079,2026-09-23T16:00:00Z,GENERATOR,gs://well-workover-intervention-data/landing/generator/2026/09/23/well_run.parquet,BATCH-GELEKI-20260923-V1
2026-09-23,GK-080,,0,-2.5,False,95.0,185.0,,False,,HIGH,NORMAL,0.02,4.5,WELL_SPECIFIC,[],155.0,95.0,225.0,0.006,,False,0.0,0.68,25,0.0,0.0,0.0,,,NONE,,,"[{""tool"": ""TC-001:fit_decline_curve"", ""well_id"": ""GK-080"", ""status"": ""OK""}, {""tool"": ""TC-007:trigger_scan"", ""well_id"": ""GK-080"", ""status"": ""OK""}]",coxph-v1.0-geleki,1.0.0-geleki,2026-08-25,29,LOW_CONFIDENCE,Data lag > 3 days,3,GGS-BASIS-2026Q3-GK-080,2026-09-23T16:00:00Z,GENERATOR,gs://well-workover-intervention-data/landing/generator/2026/09/23/well_run.parquet,BATCH-GELEKI-20260923-V1
2026-09-23,GK-081,,0,-2.5,False,95.0,185.0,,False,,HIGH,NORMAL,0.02,4.5,WELL_SPECIFIC,[],155.0,95.0,225.0,0.006,,False,0.0,0.68,25,0.0,0.0,0.0,,,NONE,,,"[{""tool"": ""TC-001:fit_decline_curve"", ""well_id"": ""GK-081"", ""status"": ""OK""}, {""tool"": ""TC-007:trigger_scan"", ""well_id"": ""GK-081"", ""status"": ""OK""}]",coxph-v1.0-geleki,1.0.0-geleki,2026-09-23,0,NORMAL,,5,GGS-BASIS-2026Q3-GK-081,2026-09-23T16:00:00Z,GENERATOR,gs://well-workover-intervention-data/landing/generator/2026/09/23/well_run.parquet,BATCH-GELEKI-20260923-V1
2026-09-23,GK-082,,0,-2.5,False,95.0,185.0,,False,,HIGH,NORMAL,0.02,4.5,WELL_SPECIFIC,[],155.0,95.0,225.0,0.006,,False,0.0,0.68,25,0.0,0.0,0.0,,,NONE,,,"[{""tool"": ""TC-001:fit_decline_curve"", ""well_id"": ""GK-082"", ""status"": ""OK""}, {""tool"": ""TC-007:trigger_scan"", ""well_id"": ""GK-082"", ""status"": ""OK""}]",coxph-v1.0-geleki,1.0.0-geleki,2026-09-23,0,NORMAL,,0,GGS-BASIS-2026Q3-GK-082,2026-09-23T16:00:00Z,GENERATOR,gs://well-workover-intervention-data/landing/generator/2026/09/23/well_run.parquet,BATCH-GELEKI-20260923-V1
2026-09-23,GK-083,,0,-2.5,False,95.0,185.0,,False,,HIGH,NORMAL,0.02,4.5,WELL_SPECIFIC,[],155.0,95.0,225.0,0.006,,False,0.0,0.68,25,0.0,0.0,0.0,,,NONE,,,"[{""tool"": ""TC-001:fit_decline_curve"", ""well_id"": ""GK-083"", ""status"": ""OK""}, {""tool"": ""TC-007:trigger_scan"", ""well_id"": ""GK-083"", ""status"": ""OK""}]",coxph-v1.0-geleki,1.0.0-geleki,2026-09-23,0,NORMAL,,5,GGS-BASIS-2026Q3-GK-083,2026-09-23T16:00:00Z,GENERATOR,gs://well-workover-intervention-data/landing/generator/2026/09/23/well_run.parquet,BATCH-GELEKI-20260923-V1
2026-09-23,GK-084,,0,-2.5,False,95.0,185.0,,False,,HIGH,NORMAL,0.02,4.5,WELL_SPECIFIC,[],155.0,95.0,225.0,0.006,,False,0.0,0.68,25,0.0,0.0,0.0,,,NONE,,,"[{""tool"": ""TC-001:fit_decline_curve"", ""well_id"": ""GK-084"", ""status"": ""OK""}, {""tool"": ""TC-007:trigger_scan"", ""well_id"": ""GK-084"", ""status"": ""OK""}]",coxph-v1.0-geleki,1.0.0-geleki,2026-09-22,1,NORMAL,,5,GGS-BASIS-2026Q3-GK-084,2026-09-23T16:00:00Z,GENERATOR,gs://well-workover-intervention-data/landing/generator/2026/09/23/well_run.parquet,BATCH-GELEKI-20260923-V1
2026-09-23,GK-085,,0,-2.5,False,95.0,185.0,,False,,HIGH,NORMAL,0.02,4.5,WELL_SPECIFIC,[],155.0,95.0,225.0,0.006,,False,0.0,0.68,25,0.0,0.0,0.0,,,NONE,,,"[{""tool"": ""TC-001:fit_decline_curve"", ""well_id"": ""GK-085"", ""status"": ""OK""}, {""tool"": ""TC-007:trigger_scan"", ""well_id"": ""GK-085"", ""status"": ""OK""}]",coxph-v1.0-geleki,1.0.0-geleki,2026-09-23,0,NORMAL,,1,GGS-BASIS-2026Q3-GK-085,2026-09-23T16:00:00Z,GENERATOR,gs://well-workover-intervention-data/landing/generator/2026/09/23/well_run.parquet,BATCH-GELEKI-20260923-V1
2026-09-23,GK-086,,0,-2.5,False,95.0,185.0,,False,,HIGH,NORMAL,0.02,4.5,WELL_SPECIFIC,[],155.0,95.0,225.0,0.006,,False,0.0,0.68,25,0.0,0.0,0.0,,,NONE,,,"[{""tool"": ""TC-001:fit_decline_curve"", ""well_id"": ""GK-086"", ""status"": ""OK""}, {""tool"": ""TC-007:trigger_scan"", ""well_id"": ""GK-086"", ""status"": ""OK""}]",coxph-v1.0-geleki,1.0.0-geleki,2026-09-23,0,NORMAL,,5,GGS-BASIS-2026Q3-GK-086,2026-09-23T16:00:00Z,GENERATOR,gs://well-workover-intervention-data/landing/generator/2026/09/23/well_run.parquet,BATCH-GELEKI-20260923-V1
2026-09-23,GK-087,,0,-2.5,True,195.0,179.0,ROD_PART,True,ROD_PART,HIGH,NORMAL,0.04,18.5,WELL_SPECIFIC,[],38.0,22.0,58.0,0.026,SRP_ROD_REPLACE,True,2.5,0.7,38,3410.0,94.0,37.6,3.0,3.0,RIG,,2026-09-24,"[{""tool"": ""TC-001:fit_decline_curve"", ""well_id"": ""GK-087"", ""status"": ""OK""}, {""tool"": ""TC-007:trigger_scan"", ""well_id"": ""GK-087"", ""status"": ""OK""}]",coxph-v1.0-geleki,1.0.0-geleki,2026-09-23,0,NORMAL,,5,GGS-BASIS-2026Q3-GK-087,2026-09-23T16:00:00Z,GENERATOR,gs://well-workover-intervention-data/landing/generator/2026/09/23/well_run.parquet,BATCH-GELEKI-20260923-V1
2026-09-23,GK-088,,0,-2.5,False,95.0,185.0,,False,,HIGH,NORMAL,0.02,4.5,WELL_SPECIFIC,[],155.0,95.0,225.0,0.006,,False,0.0,0.68,25,0.0,0.0,0.0,,,NONE,,,"[{""tool"": ""TC-001:fit_decline_curve"", ""well_id"": ""GK-088"", ""status"": ""OK""}, {""tool"": ""TC-007:trigger_scan"", ""well_id"": ""GK-088"", ""status"": ""OK""}]",coxph-v1.0-geleki,1.0.0-geleki,2026-09-23,0,NORMAL,,4,GGS-BASIS-2026Q3-GK-088,2026-09-23T16:00:00Z,GENERATOR,gs://well-workover-intervention-data/landing/generator/2026/09/23/well_run.parquet,BATCH-GELEKI-20260923-V1
2026-09-23,GK-089,,0,-2.5,False,95.0,185.0,,False,,HIGH,NORMAL,0.02,4.5,WELL_SPECIFIC,[],155.0,95.0,225.0,0.006,,False,0.0,0.68,25,0.0,0.0,0.0,,,NONE,,,"[{""tool"": ""TC-001:fit_decline_curve"", ""well_id"": ""GK-089"", ""status"": ""OK""}, {""tool"": ""TC-007:trigger_scan"", ""well_id"": ""GK-089"", ""status"": ""OK""}]",coxph-v1.0-geleki,1.0.0-geleki,2026-09-23,0,NORMAL,,0,GGS-BASIS-2026Q3-GK-089,2026-09-23T16:00:00Z,GENERATOR,gs://well-workover-intervention-data/landing/generator/2026/09/23/well_run.parquet,BATCH-GELEKI-20260923-V1
2026-09-23,GK-090,,0,-2.5,False,95.0,185.0,,False,,HIGH,NORMAL,0.02,4.5,WELL_SPECIFIC,[],155.0,95.0,225.0,0.006,,False,0.0,0.68,25,0.0,0.0,0.0,,,NONE,,,"[{""tool"": ""TC-001:fit_decline_curve"", ""well_id"": ""GK-090"", ""status"": ""OK""}, {""tool"": ""TC-007:trigger_scan"", ""well_id"": ""GK-090"", ""status"": ""OK""}]",coxph-v1.0-geleki,1.0.0-geleki,2026-09-23,0,NORMAL,,4,GGS-BASIS-2026Q3-GK-090,2026-09-23T16:00:00Z,GENERATOR,gs://well-workover-intervention-data/landing/generator/2026/09/23/well_run.parquet,BATCH-GELEKI-20260923-V1
2026-09-23,GK-091,,0,-2.5,False,95.0,185.0,,False,,HIGH,NORMAL,0.02,4.5,WELL_SPECIFIC,[],155.0,95.0,225.0,0.006,,False,0.0,0.68,25,0.0,0.0,0.0,,,NONE,,,"[{""tool"": ""TC-001:fit_decline_curve"", ""well_id"": ""GK-091"", ""status"": ""OK""}, {""tool"": ""TC-007:trigger_scan"", ""well_id"": ""GK-091"", ""status"": ""OK""}]",coxph-v1.0-geleki,1.0.0-geleki,2026-09-15,8,LOW_CONFIDENCE,Data lag > 3 days,4,GGS-BASIS-2026Q3-GK-091,2026-09-23T16:00:00Z,GENERATOR,gs://well-workover-intervention-data/landing/generator/2026/09/23/well_run.parquet,BATCH-GELEKI-20260923-V1
2026-09-23,GK-092,,0,-2.5,False,95.0,185.0,,False,,HIGH,NORMAL,0.02,4.5,WELL_SPECIFIC,[],155.0,95.0,225.0,0.006,,False,0.0,0.68,25,0.0,0.0,0.0,,,NONE,,,"[{""tool"": ""TC-001:fit_decline_curve"", ""well_id"": ""GK-092"", ""status"": ""OK""}, {""tool"": ""TC-007:trigger_scan"", ""well_id"": ""GK-092"", ""status"": ""OK""}]",coxph-v1.0-geleki,1.0.0-geleki,2026-09-23,0,NORMAL,,4,GGS-BASIS-2026Q3-GK-092,2026-09-23T16:00:00Z,GENERATOR,gs://well-workover-intervention-data/landing/generator/2026/09/23/well_run.parquet,BATCH-GELEKI-20260923-V1
2026-09-23,GK-093,,0,-2.5,False,95.0,185.0,,False,,HIGH,NORMAL,0.02,4.5,WELL_SPECIFIC,[],155.0,95.0,225.0,0.006,,False,0.0,0.68,25,0.0,0.0,0.0,,,NONE,,,"[{""tool"": ""TC-001:fit_decline_curve"", ""well_id"": ""GK-093"", ""status"": ""OK""}, {""tool"": ""TC-007:trigger_scan"", ""well_id"": ""GK-093"", ""status"": ""OK""}]",coxph-v1.0-geleki,1.0.0-geleki,2026-09-23,0,NORMAL,,5,GGS-BASIS-2026Q3-GK-093,2026-09-23T16:00:00Z,GENERATOR,gs://well-workover-intervention-data/landing/generator/2026/09/23/well_run.parquet,BATCH-GELEKI-20260923-V1
2026-09-23,GK-094,,0,-2.5,False,95.0,185.0,,False,,HIGH,NORMAL,0.02,4.5,WELL_SPECIFIC,[],155.0,95.0,225.0,0.006,,False,0.0,0.68,25,0.0,0.0,0.0,,,NONE,,,"[{""tool"": ""TC-001:fit_decline_curve"", ""well_id"": ""GK-094"", ""status"": ""OK""}, {""tool"": ""TC-007:trigger_scan"", ""well_id"": ""GK-094"", ""status"": ""OK""}]",coxph-v1.0-geleki,1.0.0-geleki,2026-09-23,0,NORMAL,,4,GGS-BASIS-2026Q3-GK-094,2026-09-23T16:00:00Z,GENERATOR,gs://well-workover-intervention-data/landing/generator/2026/09/23/well_run.parquet,BATCH-GELEKI-20260923-V1
2026-09-23,GK-095,,0,-2.5,False,95.0,185.0,,False,,HIGH,NORMAL,0.02,4.5,WELL_SPECIFIC,[],155.0,95.0,225.0,0.006,,False,0.0,0.68,25,0.0,0.0,0.0,,,NONE,,,"[{""tool"": ""TC-001:fit_decline_curve"", ""well_id"": ""GK-095"", ""status"": ""OK""}, {""tool"": ""TC-007:trigger_scan"", ""well_id"": ""GK-095"", ""status"": ""OK""}]",coxph-v1.0-geleki,1.0.0-geleki,2026-09-23,0,NORMAL,,5,GGS-BASIS-2026Q3-GK-095,2026-09-23T16:00:00Z,GENERATOR,gs://well-workover-intervention-data/landing/generator/2026/09/23/well_run.parquet,BATCH-GELEKI-20260923-V1
2026-09-23,GK-096,,0,-2.5,False,95.0,185.0,,False,,HIGH,NORMAL,0.02,4.5,WELL_SPECIFIC,[],155.0,95.0,225.0,0.006,,False,0.0,0.68,25,0.0,0.0,0.0,,,NONE,,,"[{""tool"": ""TC-001:fit_decline_curve"", ""well_id"": ""GK-096"", ""status"": ""OK""}, {""tool"": ""TC-007:trigger_scan"", ""well_id"": ""GK-096"", ""status"": ""OK""}]",coxph-v1.0-geleki,1.0.0-geleki,2026-09-23,0,NORMAL,,5,GGS-BASIS-2026Q3-GK-096,2026-09-23T16:00:00Z,GENERATOR,gs://well-workover-intervention-data/landing/generator/2026/09/23/well_run.parquet,BATCH-GELEKI-20260923-V1
2026-09-23,GK-097,,0,-2.5,False,95.0,185.0,,False,,HIGH,NORMAL,0.02,4.5,WELL_SPECIFIC,[],155.0,95.0,225.0,0.006,,False,0.0,0.68,25,0.0,0.0,0.0,,,NONE,,,"[{""tool"": ""TC-001:fit_decline_curve"", ""well_id"": ""GK-097"", ""status"": ""OK""}, {""tool"": ""TC-007:trigger_scan"", ""well_id"": ""GK-097"", ""status"": ""OK""}]",coxph-v1.0-geleki,1.0.0-geleki,2026-09-23,0,NORMAL,,4,GGS-BASIS-2026Q3-GK-097,2026-09-23T16:00:00Z,GENERATOR,gs://well-workover-intervention-data/landing/generator/2026/09/23/well_run.parquet,BATCH-GELEKI-20260923-V1
2026-09-23,GK-098,,0,-2.5,False,95.0,185.0,,False,,HIGH,NORMAL,0.02,4.5,WELL_SPECIFIC,[],155.0,95.0,225.0,0.006,,False,0.0,0.68,25,0.0,0.0,0.0,,,NONE,,,"[{""tool"": ""TC-001:fit_decline_curve"", ""well_id"": ""GK-098"", ""status"": ""OK""}, {""tool"": ""TC-007:trigger_scan"", ""well_id"": ""GK-098"", ""status"": ""OK""}]",coxph-v1.0-geleki,1.0.0-geleki,2026-09-23,0,NORMAL,,5,GGS-BASIS-2026Q3-GK-098,2026-09-23T16:00:00Z,GENERATOR,gs://well-workover-intervention-data/landing/generator/2026/09/23/well_run.parquet,BATCH-GELEKI-20260923-V1
2026-09-23,GK-099,,0,-2.5,False,95.0,185.0,,False,,HIGH,NORMAL,0.02,4.5,WELL_SPECIFIC,[],155.0,95.0,225.0,0.006,,False,0.0,0.68,25,0.0,0.0,0.0,,,NONE,,,"[{""tool"": ""TC-001:fit_decline_curve"", ""well_id"": ""GK-099"", ""status"": ""OK""}, {""tool"": ""TC-007:trigger_scan"", ""well_id"": ""GK-099"", ""status"": ""OK""}]",coxph-v1.0-geleki,1.0.0-geleki,2026-09-23,0,NORMAL,,5,GGS-BASIS-2026Q3-GK-099,2026-09-23T16:00:00Z,GENERATOR,gs://well-workover-intervention-data/landing/generator/2026/09/23/well_run.parquet,BATCH-GELEKI-20260923-V1
2026-09-23,GK-100,,0,-2.5,False,95.0,185.0,,False,,HIGH,NORMAL,0.02,4.5,WELL_SPECIFIC,[],155.0,95.0,225.0,0.006,,False,0.0,0.68,25,0.0,0.0,0.0,,,NONE,,,"[{""tool"": ""TC-001:fit_decline_curve"", ""well_id"": ""GK-100"", ""status"": ""OK""}, {""tool"": ""TC-007:trigger_scan"", ""well_id"": ""GK-100"", ""status"": ""OK""}]",coxph-v1.0-geleki,1.0.0-geleki,2026-09-23,0,NORMAL,,6,GGS-BASIS-2026Q3-GK-100,2026-09-23T16:00:00Z,GENERATOR,gs://well-workover-intervention-data/landing/generator/2026/09/23/well_run.parquet,BATCH-GELEKI-20260923-V1
2026-09-23,GK-101,,0,-2.5,False,95.0,185.0,,False,,HIGH,NORMAL,0.02,4.5,WELL_SPECIFIC,[],155.0,95.0,225.0,0.006,,False,0.0,0.68,25,0.0,0.0,0.0,,,NONE,,,"[{""tool"": ""TC-001:fit_decline_curve"", ""well_id"": ""GK-101"", ""status"": ""OK""}, {""tool"": ""TC-007:trigger_scan"", ""well_id"": ""GK-101"", ""status"": ""OK""}]",coxph-v1.0-geleki,1.0.0-geleki,2026-09-23,0,NORMAL,,5,GGS-BASIS-2026Q3-GK-101,2026-09-23T16:00:00Z,GENERATOR,gs://well-workover-intervention-data/landing/generator/2026/09/23/well_run.parquet,BATCH-GELEKI-20260923-V1
2026-09-23,GK-102,,0,-2.5,False,95.0,185.0,,False,,HIGH,NORMAL,0.02,4.5,WELL_SPECIFIC,[],155.0,95.0,225.0,0.006,,False,0.0,0.68,25,0.0,0.0,0.0,,,NONE,,,"[{""tool"": ""TC-001:fit_decline_curve"", ""well_id"": ""GK-102"", ""status"": ""OK""}, {""tool"": ""TC-007:trigger_scan"", ""well_id"": ""GK-102"", ""status"": ""OK""}]",coxph-v1.0-geleki,1.0.0-geleki,2026-09-23,0,NORMAL,,6,GGS-BASIS-2026Q3-GK-102,2026-09-23T16:00:00Z,GENERATOR,gs://well-workover-intervention-data/landing/generator/2026/09/23/well_run.parquet,BATCH-GELEKI-20260923-V1
2026-09-23,GK-103,WATCH,21,-2.5,False,95.0,185.0,CONING,True,CONING,HIGH,CONING,-0.42,6.0,WELL_SPECIFIC,[],44.0,26.0,68.0,0.022,SURF_CHOKE_ADJ,False,0.5,0.78,19,2680.0,121.6,121.6,6.0,3.0,RIGLESS,,2026-09-24,"[{""tool"": ""TC-001:fit_decline_curve"", ""well_id"": ""GK-103"", ""status"": ""OK""}, {""tool"": ""TC-007:trigger_scan"", ""well_id"": ""GK-103"", ""status"": ""OK""}]",coxph-v1.0-geleki,1.0.0-geleki,2026-09-23,0,NORMAL,,5,GGS-BASIS-2026Q3-GK-103,2026-09-23T16:00:00Z,GENERATOR,gs://well-workover-intervention-data/landing/generator/2026/09/23/well_run.parquet,BATCH-GELEKI-20260923-V1
2026-09-23,GK-104,,0,-2.5,False,95.0,185.0,,False,,HIGH,NORMAL,0.02,4.5,WELL_SPECIFIC,[],155.0,95.0,225.0,0.006,,False,0.0,0.68,25,0.0,0.0,0.0,,,NONE,,,"[{""tool"": ""TC-001:fit_decline_curve"", ""well_id"": ""GK-104"", ""status"": ""OK""}, {""tool"": ""TC-007:trigger_scan"", ""well_id"": ""GK-104"", ""status"": ""OK""}]",coxph-v1.0-geleki,1.0.0-geleki,2026-09-23,0,NORMAL,,4,GGS-BASIS-2026Q3-GK-104,2026-09-23T16:00:00Z,GENERATOR,gs://well-workover-intervention-data/landing/generator/2026/09/23/well_run.parquet,BATCH-GELEKI-20260923-V1
2026-09-23,GK-105,,0,-2.5,False,95.0,185.0,,False,,HIGH,NORMAL,0.02,4.5,WELL_SPECIFIC,[],155.0,95.0,225.0,0.006,,False,0.0,0.68,25,0.0,0.0,0.0,,,NONE,,,"[{""tool"": ""TC-001:fit_decline_curve"", ""well_id"": ""GK-105"", ""status"": ""OK""}, {""tool"": ""TC-007:trigger_scan"", ""well_id"": ""GK-105"", ""status"": ""OK""}]",coxph-v1.0-geleki,1.0.0-geleki,2026-09-23,0,NORMAL,,5,GGS-BASIS-2026Q3-GK-105,2026-09-23T16:00:00Z,GENERATOR,gs://well-workover-intervention-data/landing/generator/2026/09/23/well_run.parquet,BATCH-GELEKI-20260923-V1
2026-09-23,GK-106,,0,-2.5,False,95.0,185.0,,False,,HIGH,NORMAL,0.02,4.5,WELL_SPECIFIC,[],155.0,95.0,225.0,0.006,,False,0.0,0.68,25,0.0,0.0,0.0,,,NONE,,,"[{""tool"": ""TC-001:fit_decline_curve"", ""well_id"": ""GK-106"", ""status"": ""OK""}, {""tool"": ""TC-007:trigger_scan"", ""well_id"": ""GK-106"", ""status"": ""OK""}]",coxph-v1.0-geleki,1.0.0-geleki,2026-09-23,0,NORMAL,,4,GGS-BASIS-2026Q3-GK-106,2026-09-23T16:00:00Z,GENERATOR,gs://well-workover-intervention-data/landing/generator/2026/09/23/well_run.parquet,BATCH-GELEKI-20260923-V1
2026-09-23,GK-107,,0,-2.5,False,95.0,185.0,,False,,HIGH,NORMAL,0.02,4.5,WELL_SPECIFIC,[],155.0,95.0,225.0,0.006,,False,0.0,0.68,25,0.0,0.0,0.0,,,NONE,,,"[{""tool"": ""TC-001:fit_decline_curve"", ""well_id"": ""GK-107"", ""status"": ""OK""}, {""tool"": ""TC-007:trigger_scan"", ""well_id"": ""GK-107"", ""status"": ""OK""}]",coxph-v1.0-geleki,1.0.0-geleki,2026-09-23,0,NORMAL,,5,GGS-BASIS-2026Q3-GK-107,2026-09-23T16:00:00Z,GENERATOR,gs://well-workover-intervention-data/landing/generator/2026/09/23/well_run.parquet,BATCH-GELEKI-20260923-V1
2026-09-23,GK-108,,0,-2.5,False,95.0,185.0,,False,,HIGH,NORMAL,0.02,4.5,WELL_SPECIFIC,[],155.0,95.0,225.0,0.006,,False,0.0,0.68,25,0.0,0.0,0.0,,,NONE,,,"[{""tool"": ""TC-001:fit_decline_curve"", ""well_id"": ""GK-108"", ""status"": ""OK""}, {""tool"": ""TC-007:trigger_scan"", ""well_id"": ""GK-108"", ""status"": ""OK""}]",coxph-v1.0-geleki,1.0.0-geleki,2026-09-23,0,NORMAL,,3,GGS-BASIS-2026Q3-GK-108,2026-09-23T16:00:00Z,GENERATOR,gs://well-workover-intervention-data/landing/generator/2026/09/23/well_run.parquet,BATCH-GELEKI-20260923-V1
2026-09-23,GK-109,,0,-2.5,False,95.0,185.0,,False,,HIGH,NORMAL,0.02,4.5,WELL_SPECIFIC,[],155.0,95.0,225.0,0.006,,False,0.0,0.68,25,0.0,0.0,0.0,,,NONE,,,"[{""tool"": ""TC-001:fit_decline_curve"", ""well_id"": ""GK-109"", ""status"": ""OK""}, {""tool"": ""TC-007:trigger_scan"", ""well_id"": ""GK-109"", ""status"": ""OK""}]",coxph-v1.0-geleki,1.0.0-geleki,2026-09-23,0,NORMAL,,5,GGS-BASIS-2026Q3-GK-109,2026-09-23T16:00:00Z,GENERATOR,gs://well-workover-intervention-data/landing/generator/2026/09/23/well_run.parquet,BATCH-GELEKI-20260923-V1
2026-09-23,GK-110,,0,-2.5,False,95.0,185.0,,False,,HIGH,NORMAL,0.02,4.5,WELL_SPECIFIC,[],155.0,95.0,225.0,0.006,,False,0.0,0.68,25,0.0,0.0,0.0,,,NONE,,,"[{""tool"": ""TC-001:fit_decline_curve"", ""well_id"": ""GK-110"", ""status"": ""OK""}, {""tool"": ""TC-007:trigger_scan"", ""well_id"": ""GK-110"", ""status"": ""OK""}]",coxph-v1.0-geleki,1.0.0-geleki,2026-09-08,15,LOW_CONFIDENCE,Data lag > 3 days,5,GGS-BASIS-2026Q3-GK-110,2026-09-23T16:00:00Z,GENERATOR,gs://well-workover-intervention-data/landing/generator/2026/09/23/well_run.parquet,BATCH-GELEKI-20260923-V1
2026-09-23,GK-111,,0,-2.5,False,95.0,185.0,,False,,HIGH,NORMAL,0.02,4.5,WELL_SPECIFIC,[],155.0,95.0,225.0,0.006,,False,0.0,0.68,25,0.0,0.0,0.0,,,NONE,,,"[{""tool"": ""TC-001:fit_decline_curve"", ""well_id"": ""GK-111"", ""status"": ""OK""}, {""tool"": ""TC-007:trigger_scan"", ""well_id"": ""GK-111"", ""status"": ""OK""}]",coxph-v1.0-geleki,1.0.0-geleki,2026-09-23,0,NORMAL,,5,GGS-BASIS-2026Q3-GK-111,2026-09-23T16:00:00Z,GENERATOR,gs://well-workover-intervention-data/landing/generator/2026/09/23/well_run.parquet,BATCH-GELEKI-20260923-V1
2026-09-23,GK-112,FLAG,21,-2.5,False,95.0,185.0,SCALE,True,SCALE,HIGH,NORMAL,0.02,8.0,WELL_SPECIFIC,[],18.0,10.0,29.0,0.055,CHEM_SCALE_BULLHEAD,False,1.5,0.74,31,7420.0,318.4,212.3,4.0,1.0,RIGLESS,,2026-09-24,"[{""tool"": ""TC-001:fit_decline_curve"", ""well_id"": ""GK-112"", ""status"": ""OK""}, {""tool"": ""TC-007:trigger_scan"", ""well_id"": ""GK-112"", ""status"": ""OK""}]",coxph-v1.0-geleki,1.0.0-geleki,2026-09-23,0,NORMAL,,5,GGS-BASIS-2026Q3-GK-112,2026-09-23T16:00:00Z,GENERATOR,gs://well-workover-intervention-data/landing/generator/2026/09/23/well_run.parquet,BATCH-GELEKI-20260923-V1
2026-09-23,GK-113,,0,-2.5,False,95.0,185.0,,False,,HIGH,NORMAL,0.02,4.5,WELL_SPECIFIC,[],155.0,95.0,225.0,0.006,,False,0.0,0.68,25,0.0,0.0,0.0,,,NONE,,,"[{""tool"": ""TC-001:fit_decline_curve"", ""well_id"": ""GK-113"", ""status"": ""OK""}, {""tool"": ""TC-007:trigger_scan"", ""well_id"": ""GK-113"", ""status"": ""OK""}]",coxph-v1.0-geleki,1.0.0-geleki,2026-09-23,0,NORMAL,,4,GGS-BASIS-2026Q3-GK-113,2026-09-23T16:00:00Z,GENERATOR,gs://well-workover-intervention-data/landing/generator/2026/09/23/well_run.parquet,BATCH-GELEKI-20260923-V1
2026-09-23,GK-114,,0,-2.5,False,95.0,185.0,,False,,HIGH,NORMAL,0.02,4.5,WELL_SPECIFIC,[],155.0,95.0,225.0,0.006,,False,0.0,0.68,25,0.0,0.0,0.0,,,NONE,,,"[{""tool"": ""TC-001:fit_decline_curve"", ""well_id"": ""GK-114"", ""status"": ""OK""}, {""tool"": ""TC-007:trigger_scan"", ""well_id"": ""GK-114"", ""status"": ""OK""}]",coxph-v1.0-geleki,1.0.0-geleki,2026-09-23,0,NORMAL,,5,GGS-BASIS-2026Q3-GK-114,2026-09-23T16:00:00Z,GENERATOR,gs://well-workover-intervention-data/landing/generator/2026/09/23/well_run.parquet,BATCH-GELEKI-20260923-V1
2026-09-23,GK-115,,0,-2.5,False,95.0,185.0,,False,,HIGH,NORMAL,0.02,4.5,WELL_SPECIFIC,[],155.0,95.0,225.0,0.006,,False,0.0,0.68,25,0.0,0.0,0.0,,,NONE,,,"[{""tool"": ""TC-001:fit_decline_curve"", ""well_id"": ""GK-115"", ""status"": ""OK""}, {""tool"": ""TC-007:trigger_scan"", ""well_id"": ""GK-115"", ""status"": ""OK""}]",coxph-v1.0-geleki,1.0.0-geleki,2026-09-23,0,NORMAL,,2,GGS-BASIS-2026Q3-GK-115,2026-09-23T16:00:00Z,GENERATOR,gs://well-workover-intervention-data/landing/generator/2026/09/23/well_run.parquet,BATCH-GELEKI-20260923-V1
2026-09-23,GK-116,,0,-2.5,False,95.0,185.0,,False,,HIGH,NORMAL,0.02,4.5,WELL_SPECIFIC,[],155.0,95.0,225.0,0.006,,False,0.0,0.68,25,0.0,0.0,0.0,,,NONE,,,"[{""tool"": ""TC-001:fit_decline_curve"", ""well_id"": ""GK-116"", ""status"": ""OK""}, {""tool"": ""TC-007:trigger_scan"", ""well_id"": ""GK-116"", ""status"": ""OK""}]",coxph-v1.0-geleki,1.0.0-geleki,2026-09-23,0,NORMAL,,5,GGS-BASIS-2026Q3-GK-116,2026-09-23T16:00:00Z,GENERATOR,gs://well-workover-intervention-data/landing/generator/2026/09/23/well_run.parquet,BATCH-GELEKI-20260923-V1
2026-09-23,GK-117,,0,-2.5,False,95.0,185.0,,False,,HIGH,NORMAL,0.02,4.5,WELL_SPECIFIC,[],155.0,95.0,225.0,0.006,,False,0.0,0.68,25,0.0,0.0,0.0,,,NONE,,,"[{""tool"": ""TC-001:fit_decline_curve"", ""well_id"": ""GK-117"", ""status"": ""OK""}, {""tool"": ""TC-007:trigger_scan"", ""well_id"": ""GK-117"", ""status"": ""OK""}]",coxph-v1.0-geleki,1.0.0-geleki,2026-09-23,0,NORMAL,,5,GGS-BASIS-2026Q3-GK-117,2026-09-23T16:00:00Z,GENERATOR,gs://well-workover-intervention-data/landing/generator/2026/09/23/well_run.parquet,BATCH-GELEKI-20260923-V1
2026-09-23,GK-118,,0,-2.5,False,95.0,185.0,,False,,HIGH,NORMAL,0.02,4.5,WELL_SPECIFIC,[],155.0,95.0,225.0,0.006,,False,0.0,0.68,25,0.0,0.0,0.0,,,NONE,,,"[{""tool"": ""TC-001:fit_decline_curve"", ""well_id"": ""GK-118"", ""status"": ""OK""}, {""tool"": ""TC-007:trigger_scan"", ""well_id"": ""GK-118"", ""status"": ""OK""}]",coxph-v1.0-geleki,1.0.0-geleki,2026-09-23,0,NORMAL,,5,GGS-BASIS-2026Q3-GK-118,2026-09-23T16:00:00Z,GENERATOR,gs://well-workover-intervention-data/landing/generator/2026/09/23/well_run.parquet,BATCH-GELEKI-20260923-V1
2026-09-23,GK-119,,0,-2.5,False,95.0,185.0,,False,,HIGH,NORMAL,0.02,4.5,WELL_SPECIFIC,[],155.0,95.0,225.0,0.006,,False,0.0,0.68,25,0.0,0.0,0.0,,,NONE,,,"[{""tool"": ""TC-001:fit_decline_curve"", ""well_id"": ""GK-119"", ""status"": ""OK""}, {""tool"": ""TC-007:trigger_scan"", ""well_id"": ""GK-119"", ""status"": ""OK""}]",coxph-v1.0-geleki,1.0.0-geleki,2026-09-23,0,NORMAL,,5,GGS-BASIS-2026Q3-GK-119,2026-09-23T16:00:00Z,GENERATOR,gs://well-workover-intervention-data/landing/generator/2026/09/23/well_run.parquet,BATCH-GELEKI-20260923-V1
2026-09-23,GK-120,,0,-2.5,False,95.0,185.0,,False,,HIGH,NORMAL,0.02,4.5,WELL_SPECIFIC,[],155.0,95.0,225.0,0.006,,False,0.0,0.68,25,0.0,0.0,0.0,,,NONE,,,"[{""tool"": ""TC-001:fit_decline_curve"", ""well_id"": ""GK-120"", ""status"": ""OK""}, {""tool"": ""TC-007:trigger_scan"", ""well_id"": ""GK-120"", ""status"": ""OK""}]",coxph-v1.0-geleki,1.0.0-geleki,2026-09-23,0,NORMAL,,5,GGS-BASIS-2026Q3-GK-120,2026-09-23T16:00:00Z,GENERATOR,gs://well-workover-intervention-data/landing/generator/2026/09/23/well_run.parquet,BATCH-GELEKI-20260923-V1
2026-09-23,GK-121,,0,-2.5,False,95.0,185.0,,False,,HIGH,NORMAL,0.02,4.5,WELL_SPECIFIC,[],155.0,95.0,225.0,0.006,,False,0.0,0.68,25,0.0,0.0,0.0,,,NONE,,,"[{""tool"": ""TC-001:fit_decline_curve"", ""well_id"": ""GK-121"", ""status"": ""OK""}, {""tool"": ""TC-007:trigger_scan"", ""well_id"": ""GK-121"", ""status"": ""OK""}]",coxph-v1.0-geleki,1.0.0-geleki,2026-08-11,43,LOW_CONFIDENCE,Data lag > 3 days,3,GGS-BASIS-2026Q3-GK-121,2026-09-23T16:00:00Z,GENERATOR,gs://well-workover-intervention-data/landing/generator/2026/09/23/well_run.parquet,BATCH-GELEKI-20260923-V1
2026-09-23,GK-122,,0,-2.5,False,95.0,185.0,,False,,HIGH,NORMAL,0.02,4.5,WELL_SPECIFIC,[],155.0,95.0,225.0,0.006,,False,0.0,0.68,25,0.0,0.0,0.0,,,NONE,,,"[{""tool"": ""TC-001:fit_decline_curve"", ""well_id"": ""GK-122"", ""status"": ""OK""}, {""tool"": ""TC-007:trigger_scan"", ""well_id"": ""GK-122"", ""status"": ""OK""}]",coxph-v1.0-geleki,1.0.0-geleki,2026-09-23,0,NORMAL,,5,GGS-BASIS-2026Q3-GK-122,2026-09-23T16:00:00Z,GENERATOR,gs://well-workover-intervention-data/landing/generator/2026/09/23/well_run.parquet,BATCH-GELEKI-20260923-V1
2026-09-23,GK-123,,0,-2.5,False,95.0,185.0,,False,,HIGH,NORMAL,0.02,4.5,WELL_SPECIFIC,[],155.0,95.0,225.0,0.006,,False,0.0,0.68,25,0.0,0.0,0.0,,,NONE,,,"[{""tool"": ""TC-001:fit_decline_curve"", ""well_id"": ""GK-123"", ""status"": ""OK""}, {""tool"": ""TC-007:trigger_scan"", ""well_id"": ""GK-123"", ""status"": ""OK""}]",coxph-v1.0-geleki,1.0.0-geleki,2026-09-23,0,NORMAL,,5,GGS-BASIS-2026Q3-GK-123,2026-09-23T16:00:00Z,GENERATOR,gs://well-workover-intervention-data/landing/generator/2026/09/23/well_run.parquet,BATCH-GELEKI-20260923-V1
2026-09-23,GK-124,,0,-2.5,False,95.0,185.0,,False,,HIGH,NORMAL,0.02,4.5,WELL_SPECIFIC,[],155.0,95.0,225.0,0.006,,False,0.0,0.68,25,0.0,0.0,0.0,,,NONE,,,"[{""tool"": ""TC-001:fit_decline_curve"", ""well_id"": ""GK-124"", ""status"": ""OK""}, {""tool"": ""TC-007:trigger_scan"", ""well_id"": ""GK-124"", ""status"": ""OK""}]",coxph-v1.0-geleki,1.0.0-geleki,2026-09-23,0,NORMAL,,5,GGS-BASIS-2026Q3-GK-124,2026-09-23T16:00:00Z,GENERATOR,gs://well-workover-intervention-data/landing/generator/2026/09/23/well_run.parquet,BATCH-GELEKI-20260923-V1
2026-09-23,GK-125,,0,-2.5,False,95.0,185.0,,False,,HIGH,NORMAL,0.02,4.5,WELL_SPECIFIC,[],155.0,95.0,225.0,0.006,,False,0.0,0.68,25,0.0,0.0,0.0,,,NONE,,,"[{""tool"": ""TC-001:fit_decline_curve"", ""well_id"": ""GK-125"", ""status"": ""OK""}, {""tool"": ""TC-007:trigger_scan"", ""well_id"": ""GK-125"", ""status"": ""OK""}]",coxph-v1.0-geleki,1.0.0-geleki,2026-09-11,12,LOW_CONFIDENCE,Data lag > 3 days,5,GGS-BASIS-2026Q3-GK-125,2026-09-23T16:00:00Z,GENERATOR,gs://well-workover-intervention-data/landing/generator/2026/09/23/well_run.parquet,BATCH-GELEKI-20260923-V1
2026-09-23,GK-126,,0,-2.5,False,95.0,185.0,,False,,HIGH,NORMAL,0.02,4.5,WELL_SPECIFIC,[],155.0,95.0,225.0,0.006,,False,0.0,0.68,25,0.0,0.0,0.0,,,NONE,,,"[{""tool"": ""TC-001:fit_decline_curve"", ""well_id"": ""GK-126"", ""status"": ""OK""}, {""tool"": ""TC-007:trigger_scan"", ""well_id"": ""GK-126"", ""status"": ""OK""}]",coxph-v1.0-geleki,1.0.0-geleki,2026-08-03,51,LOW_CONFIDENCE,Data lag > 3 days,2,GGS-BASIS-2026Q3-GK-126,2026-09-23T16:00:00Z,GENERATOR,gs://well-workover-intervention-data/landing/generator/2026/09/23/well_run.parquet,BATCH-GELEKI-20260923-V1
2026-09-23,GK-127,,0,-2.5,False,95.0,185.0,,False,,HIGH,NORMAL,0.02,4.5,WELL_SPECIFIC,[],155.0,95.0,225.0,0.006,,False,0.0,0.68,25,0.0,0.0,0.0,,,NONE,,,"[{""tool"": ""TC-001:fit_decline_curve"", ""well_id"": ""GK-127"", ""status"": ""OK""}, {""tool"": ""TC-007:trigger_scan"", ""well_id"": ""GK-127"", ""status"": ""OK""}]",coxph-v1.0-geleki,1.0.0-geleki,2026-09-23,0,NORMAL,,5,GGS-BASIS-2026Q3-GK-127,2026-09-23T16:00:00Z,GENERATOR,gs://well-workover-intervention-data/landing/generator/2026/09/23/well_run.parquet,BATCH-GELEKI-20260923-V1
2026-09-23,GK-128,,0,-2.5,False,95.0,185.0,,False,,HIGH,NORMAL,0.02,4.5,WELL_SPECIFIC,[],155.0,95.0,225.0,0.006,,False,0.0,0.68,25,0.0,0.0,0.0,,,NONE,,,"[{""tool"": ""TC-001:fit_decline_curve"", ""well_id"": ""GK-128"", ""status"": ""OK""}, {""tool"": ""TC-007:trigger_scan"", ""well_id"": ""GK-128"", ""status"": ""OK""}]",coxph-v1.0-geleki,1.0.0-geleki,2026-09-23,0,NORMAL,,3,GGS-BASIS-2026Q3-GK-128,2026-09-23T16:00:00Z,GENERATOR,gs://well-workover-intervention-data/landing/generator/2026/09/23/well_run.parquet,BATCH-GELEKI-20260923-V1
2026-09-23,GK-129,FLAG,21,-31.0,False,95.0,185.0,CHANNELLING,True,CHANNELLING,HIGH,CHANNELLING,1.08,12.0,WELL_SPECIFIC,"[""CONING""]",24.0,14.0,39.0,0.042,WSO_SQUEEZE,True,7.0,0.68,24,5840.0,249.6,35.7,1.0,1.0,RIG,CEMENT_RETAINER_55 out of stock at NAZIRA (+2d SIVASAGAR),2026-09-25,"[{""tool"": ""TC-001:fit_decline_curve"", ""well_id"": ""GK-129"", ""status"": ""OK""}, {""tool"": ""TC-007:trigger_scan"", ""well_id"": ""GK-129"", ""status"": ""OK""}]",coxph-v1.0-geleki,1.0.0-geleki,2026-09-23,0,NORMAL,,4,GGS-BASIS-2026Q3-GK-129,2026-09-23T16:00:00Z,GENERATOR,gs://well-workover-intervention-data/landing/generator/2026/09/23/well_run.parquet,BATCH-GELEKI-20260923-V1
2026-09-23,GK-130,,0,-2.5,False,95.0,185.0,,False,,HIGH,NORMAL,0.02,4.5,WELL_SPECIFIC,[],155.0,95.0,225.0,0.006,,False,0.0,0.68,25,0.0,0.0,0.0,,,NONE,,,"[{""tool"": ""TC-001:fit_decline_curve"", ""well_id"": ""GK-130"", ""status"": ""OK""}, {""tool"": ""TC-007:trigger_scan"", ""well_id"": ""GK-130"", ""status"": ""OK""}]",coxph-v1.0-geleki,1.0.0-geleki,2026-09-23,0,NORMAL,,5,GGS-BASIS-2026Q3-GK-130,2026-09-23T16:00:00Z,GENERATOR,gs://well-workover-intervention-data/landing/generator/2026/09/23/well_run.parquet,BATCH-GELEKI-20260923-V1
2026-09-23,GK-131,,0,-2.5,False,95.0,185.0,,False,,HIGH,NORMAL,0.02,4.5,WELL_SPECIFIC,[],155.0,95.0,225.0,0.006,,False,0.0,0.68,25,0.0,0.0,0.0,,,NONE,,,"[{""tool"": ""TC-001:fit_decline_curve"", ""well_id"": ""GK-131"", ""status"": ""OK""}, {""tool"": ""TC-007:trigger_scan"", ""well_id"": ""GK-131"", ""status"": ""OK""}]",coxph-v1.0-geleki,1.0.0-geleki,2026-09-23,0,NORMAL,,6,GGS-BASIS-2026Q3-GK-131,2026-09-23T16:00:00Z,GENERATOR,gs://well-workover-intervention-data/landing/generator/2026/09/23/well_run.parquet,BATCH-GELEKI-20260923-V1
2026-09-23,GK-132,,0,-2.5,False,95.0,185.0,,False,,HIGH,NORMAL,0.02,4.5,WELL_SPECIFIC,[],155.0,95.0,225.0,0.006,,False,0.0,0.68,25,0.0,0.0,0.0,,,NONE,,,"[{""tool"": ""TC-001:fit_decline_curve"", ""well_id"": ""GK-132"", ""status"": ""OK""}, {""tool"": ""TC-007:trigger_scan"", ""well_id"": ""GK-132"", ""status"": ""OK""}]",coxph-v1.0-geleki,1.0.0-geleki,2026-09-23,0,NORMAL,,4,GGS-BASIS-2026Q3-GK-132,2026-09-23T16:00:00Z,GENERATOR,gs://well-workover-intervention-data/landing/generator/2026/09/23/well_run.parquet,BATCH-GELEKI-20260923-V1
2026-09-23,GK-133,,0,-2.5,False,95.0,185.0,,False,,HIGH,NORMAL,0.02,4.5,WELL_SPECIFIC,[],155.0,95.0,225.0,0.006,,False,0.0,0.68,25,0.0,0.0,0.0,,,NONE,,,"[{""tool"": ""TC-001:fit_decline_curve"", ""well_id"": ""GK-133"", ""status"": ""OK""}, {""tool"": ""TC-007:trigger_scan"", ""well_id"": ""GK-133"", ""status"": ""OK""}]",coxph-v1.0-geleki,1.0.0-geleki,2026-09-23,0,NORMAL,,5,GGS-BASIS-2026Q3-GK-133,2026-09-23T16:00:00Z,GENERATOR,gs://well-workover-intervention-data/landing/generator/2026/09/23/well_run.parquet,BATCH-GELEKI-20260923-V1
2026-09-23,GK-134,,0,-2.5,False,95.0,185.0,,False,,HIGH,NORMAL,0.02,4.5,WELL_SPECIFIC,[],155.0,95.0,225.0,0.006,,False,0.0,0.68,25,0.0,0.0,0.0,,,NONE,,,"[{""tool"": ""TC-001:fit_decline_curve"", ""well_id"": ""GK-134"", ""status"": ""OK""}, {""tool"": ""TC-007:trigger_scan"", ""well_id"": ""GK-134"", ""status"": ""OK""}]",coxph-v1.0-geleki,1.0.0-geleki,2026-09-23,0,NORMAL,,5,GGS-BASIS-2026Q3-GK-134,2026-09-23T16:00:00Z,GENERATOR,gs://well-workover-intervention-data/landing/generator/2026/09/23/well_run.parquet,BATCH-GELEKI-20260923-V1
2026-09-23,GK-135,,0,-2.5,False,95.0,185.0,,False,,HIGH,NORMAL,0.02,4.5,WELL_SPECIFIC,[],155.0,95.0,225.0,0.006,,False,0.0,0.68,25,0.0,0.0,0.0,,,NONE,,,"[{""tool"": ""TC-001:fit_decline_curve"", ""well_id"": ""GK-135"", ""status"": ""OK""}, {""tool"": ""TC-007:trigger_scan"", ""well_id"": ""GK-135"", ""status"": ""OK""}]",coxph-v1.0-geleki,1.0.0-geleki,2026-09-23,0,NORMAL,,5,GGS-BASIS-2026Q3-GK-135,2026-09-23T16:00:00Z,GENERATOR,gs://well-workover-intervention-data/landing/generator/2026/09/23/well_run.parquet,BATCH-GELEKI-20260923-V1
2026-09-23,GK-136,,0,-2.5,False,95.0,185.0,,False,,HIGH,NORMAL,0.02,4.5,WELL_SPECIFIC,[],155.0,95.0,225.0,0.006,,False,0.0,0.68,25,0.0,0.0,0.0,,,NONE,,,"[{""tool"": ""TC-001:fit_decline_curve"", ""well_id"": ""GK-136"", ""status"": ""OK""}, {""tool"": ""TC-007:trigger_scan"", ""well_id"": ""GK-136"", ""status"": ""OK""}]",coxph-v1.0-geleki,1.0.0-geleki,2026-09-23,0,NORMAL,,5,GGS-BASIS-2026Q3-GK-136,2026-09-23T16:00:00Z,GENERATOR,gs://well-workover-intervention-data/landing/generator/2026/09/23/well_run.parquet,BATCH-GELEKI-20260923-V1
2026-09-23,GK-137,,0,-2.5,False,95.0,185.0,,False,,HIGH,NORMAL,0.02,4.5,WELL_SPECIFIC,[],155.0,95.0,225.0,0.006,,False,0.0,0.68,25,0.0,0.0,0.0,,,NONE,,,"[{""tool"": ""TC-001:fit_decline_curve"", ""well_id"": ""GK-137"", ""status"": ""OK""}, {""tool"": ""TC-007:trigger_scan"", ""well_id"": ""GK-137"", ""status"": ""OK""}]",coxph-v1.0-geleki,1.0.0-geleki,2026-09-23,0,NORMAL,,3,GGS-BASIS-2026Q3-GK-137,2026-09-23T16:00:00Z,GENERATOR,gs://well-workover-intervention-data/landing/generator/2026/09/23/well_run.parquet,BATCH-GELEKI-20260923-V1
2026-09-23,GK-138,,0,-2.5,False,95.0,185.0,,False,,HIGH,NORMAL,0.02,4.5,WELL_SPECIFIC,[],155.0,95.0,225.0,0.006,,False,0.0,0.68,25,0.0,0.0,0.0,,,NONE,,,"[{""tool"": ""TC-001:fit_decline_curve"", ""well_id"": ""GK-138"", ""status"": ""OK""}, {""tool"": ""TC-007:trigger_scan"", ""well_id"": ""GK-138"", ""status"": ""OK""}]",coxph-v1.0-geleki,1.0.0-geleki,2026-09-23,0,NORMAL,,5,GGS-BASIS-2026Q3-GK-138,2026-09-23T16:00:00Z,GENERATOR,gs://well-workover-intervention-data/landing/generator/2026/09/23/well_run.parquet,BATCH-GELEKI-20260923-V1
2026-09-23,GK-147,FLAG,21,-2.5,False,95.0,185.0,WAX,True,WAX,HIGH,NORMAL,0.03,9.5,WELL_SPECIFIC,[],29.0,17.0,45.0,0.034,CHEM_HOT_OIL_ANNULUS,False,1.5,0.76,42,4520.0,195.0,130.0,5.0,2.0,RIGLESS,,2026-09-24,"[{""tool"": ""TC-001:fit_decline_curve"", ""well_id"": ""GK-147"", ""status"": ""OK""}, {""tool"": ""TC-007:trigger_scan"", ""well_id"": ""GK-147"", ""status"": ""OK""}]",coxph-v1.0-geleki,1.0.0-geleki,2026-09-23,0,NORMAL,,5,GGS-BASIS-2026Q3-GK-147,2026-09-23T16:00:00Z,GENERATOR,gs://well-workover-intervention-data/landing/generator/2026/09/23/well_run.parquet,BATCH-GELEKI-20260923-V1
2026-09-23,GK-214,,0,-2.5,False,95.0,185.0,,False,,HIGH,NORMAL,0.02,4.5,WELL_SPECIFIC,[],155.0,95.0,225.0,0.006,,False,0.0,0.68,25,0.0,0.0,0.0,,,NONE,,,"[{""tool"": ""TC-001:fit_decline_curve"", ""well_id"": ""GK-214"", ""status"": ""OK""}, {""tool"": ""TC-007:trigger_scan"", ""well_id"": ""GK-214"", ""status"": ""OK""}]",coxph-v1.0-geleki,1.0.0-geleki,2026-09-23,0,NORMAL,,6,GGS-BASIS-2026Q3-GK-214,2026-09-23T16:00:00Z,GENERATOR,gs://well-workover-intervention-data/landing/generator/2026/09/23/well_run.parquet,BATCH-GELEKI-20260923-V1
2026-09-23,GK-141,WATCH,21,-22.0,False,95.0,185.0,CHANNELLING_OR_INJECTOR_BREAKTHROUGH,True,CHANNELLING_OR_INJECTOR_BREAKTHROUGH,MEDIUM,CHANNELLING,0.61,5.0,RESERVOIR_DECLINE,[],110.0,70.0,165.0,0.009,NO_JOB_JUSTIFIED,False,0.0,0.0,0,0.0,0.0,0.0,,,NONE,,,"[{""tool"": ""TC-001:fit_decline_curve"", ""well_id"": ""GK-141"", ""status"": ""OK""}, {""tool"": ""TC-007:trigger_scan"", ""well_id"": ""GK-141"", ""status"": ""OK""}]",coxph-v1.0-geleki,1.0.0-geleki,2026-09-23,0,NORMAL,,5,GGS-BASIS-2026Q3-GK-141,2026-09-23T16:00:00Z,GENERATOR,gs://well-workover-intervention-data/landing/generator/2026/09/23/well_run.parquet,BATCH-GELEKI-20260923-V1
2026-09-23,GK-142,,0,-2.5,False,95.0,185.0,,False,,HIGH,NORMAL,0.02,4.5,WELL_SPECIFIC,[],155.0,95.0,225.0,0.006,,False,0.0,0.68,25,0.0,0.0,0.0,,,NONE,,,"[{""tool"": ""TC-001:fit_decline_curve"", ""well_id"": ""GK-142"", ""status"": ""OK""}, {""tool"": ""TC-007:trigger_scan"", ""well_id"": ""GK-142"", ""status"": ""OK""}]",coxph-v1.0-geleki,1.0.0-geleki,2026-09-23,0,NORMAL,,0,GGS-BASIS-2026Q3-GK-142,2026-09-23T16:00:00Z,GENERATOR,gs://well-workover-intervention-data/landing/generator/2026/09/23/well_run.parquet,BATCH-GELEKI-20260923-V1
