well_id,field,asset,latitude,longitude,spud_date,completion_date,current_zone,perf_top_m,perf_bottom_m,total_depth_md_m,total_depth_tvd_m,max_dls_deg_30m,lift_type,plunger_diameter_in,stroke_length_in,pump_setting_depth_m,rod_string_grade,pump_type,casing_vented,tubing_size_in,casing_size_in,status,_ingested_at,_source_system,_source_file,_batch_id
GK-001,Geleki,Assam,26.94252,94.80102,1983-10-03,1984-03-29,Tipam,2529.0,2573.6,2604.7,2585.2,,SRP,1.25,100.0,2477.8,K,INSERT,True,2.875,7.0,ACTIVE,2026-09-23T16:00:00Z,GENERATOR,gs://well-workover-intervention-data/landing/generator/2026/09/23/well_master.parquet,BATCH-GELEKI-20260923-V1
GK-002,Geleki,Assam,26.931588,94.775853,1972-08-23,1972-12-14,Barail,2969.4,3001.7,3029.9,3004.5,,SRP,1.25,100.0,2937.3,K,INSERT,False,3.5,5.5,ACTIVE,2026-09-23T16:00:00Z,GENERATOR,gs://well-workover-intervention-data/landing/generator/2026/09/23/well_master.parquet,BATCH-GELEKI-20260923-V1
GK-003,Geleki,Assam,26.951205,94.80183,1974-05-20,1974-08-22,Tipam,2632.9,2660.3,2702.4,2685.2,,SRP,1.25,100.0,2486.5,K,INSERT,False,3.5,5.5,ACTIVE,2026-09-23T16:00:00Z,GENERATOR,gs://well-workover-intervention-data/landing/generator/2026/09/23/well_master.parquet,BATCH-GELEKI-20260923-V1
GK-004,Geleki,Assam,26.965553,94.819665,1976-01-20,1976-07-05,Tipam,3100.0,3124.7,3185.5,3153.2,,SRP,1.25,86.0,2968.0,D,INSERT,False,3.5,5.5,ACTIVE,2026-09-23T16:00:00Z,GENERATOR,gs://well-workover-intervention-data/landing/generator/2026/09/23/well_master.parquet,BATCH-GELEKI-20260923-V1
GK-005,Geleki,Assam,26.968527,94.819562,1979-02-01,1979-06-30,Barail,3253.5,3310.1,3332.6,3307.0,,SRP,1.5,86.0,3205.1,C,INSERT,False,2.875,5.5,ACTIVE,2026-09-23T16:00:00Z,GENERATOR,gs://well-workover-intervention-data/landing/generator/2026/09/23/well_master.parquet,BATCH-GELEKI-20260923-V1
GK-006,Geleki,Assam,26.984425,94.825869,1977-07-12,1977-12-08,Tipam,2424.1,2465.8,2489.9,2424.4,,SRP,1.5,74.0,2337.4,D,TUBING,False,2.875,5.5,ACTIVE,2026-09-23T16:00:00Z,GENERATOR,gs://well-workover-intervention-data/landing/generator/2026/09/23/well_master.parquet,BATCH-GELEKI-20260923-V1
GK-007,Geleki,Assam,26.934401,94.778042,1974-10-05,1975-01-06,Tipam,2742.0,2793.4,2847.9,2762.7,,SRP,1.5,54.0,2667.7,D,INSERT,True,2.875,7.0,ACTIVE,2026-09-23T16:00:00Z,GENERATOR,gs://well-workover-intervention-data/landing/generator/2026/09/23/well_master.parquet,BATCH-GELEKI-20260923-V1
GK-008,Geleki,Assam,26.99467,94.8405,1989-01-01,1989-06-29,Lakadong,3647.7,3679.0,3718.3,3611.5,,SRP,1.25,64.0,3529.6,K,INSERT,False,3.5,5.5,ACTIVE,2026-09-23T16:00:00Z,GENERATOR,gs://well-workover-intervention-data/landing/generator/2026/09/23/well_master.parquet,BATCH-GELEKI-20260923-V1
GK-009,Geleki,Assam,26.950774,94.805878,1993-08-18,1993-12-10,Lakadong,4056.7,4107.4,4135.2,4013.4,,SRP,1.5,86.0,3997.7,K,INSERT,False,3.5,5.5,ACTIVE,2026-09-23T16:00:00Z,GENERATOR,gs://well-workover-intervention-data/landing/generator/2026/09/23/well_master.parquet,BATCH-GELEKI-20260923-V1
GK-010,Geleki,Assam,26.984953,94.837409,1986-06-01,1986-10-02,Tipam,2536.9,2572.6,2660.4,2621.8,,SRP,1.5,54.0,2388.4,C,INSERT,False,2.875,5.5,ACTIVE,2026-09-23T16:00:00Z,GENERATOR,gs://well-workover-intervention-data/landing/generator/2026/09/23/well_master.parquet,BATCH-GELEKI-20260923-V1
GK-011,Geleki,Assam,26.950123,94.797,1992-03-02,1992-07-30,Tipam,2808.9,2849.0,2873.6,2836.2,,SRP,1.25,74.0,2770.4,K,INSERT,False,2.875,5.5,ACTIVE,2026-09-23T16:00:00Z,GENERATOR,gs://well-workover-intervention-data/landing/generator/2026/09/23/well_master.parquet,BATCH-GELEKI-20260923-V1
GK-012,Geleki,Assam,26.987392,94.844945,1973-10-19,1974-03-07,Tipam,2861.3,2878.3,2958.3,2899.9,,GAS_LIFT,,,,,,False,2.875,5.5,ACTIVE,2026-09-23T16:00:00Z,GENERATOR,gs://well-workover-intervention-data/landing/generator/2026/09/23/well_master.parquet,BATCH-GELEKI-20260923-V1
GK-013,Geleki,Assam,26.969918,94.815339,1986-08-31,1986-11-19,Barail,3700.0,3731.6,3779.0,3700.3,,SRP,1.5,74.0,3568.5,K,INSERT,True,2.875,5.5,ACTIVE,2026-09-23T16:00:00Z,GENERATOR,gs://well-workover-intervention-data/landing/generator/2026/09/23/well_master.parquet,BATCH-GELEKI-20260923-V1
GK-014,Geleki,Assam,26.963919,94.81648,1976-04-06,1976-07-11,Lakadong,3784.6,3841.4,3885.8,3834.4,,GAS_LIFT,,,,,,False,2.875,7.0,ACTIVE,2026-09-23T16:00:00Z,GENERATOR,gs://well-workover-intervention-data/landing/generator/2026/09/23/well_master.parquet,BATCH-GELEKI-20260923-V1
GK-015,Geleki,Assam,26.937786,94.783162,1988-02-03,1988-05-16,Tipam,2924.1,2963.4,3013.0,2948.3,,SRP,1.25,54.0,2816.0,K,INSERT,False,3.5,7.0,ACTIVE,2026-09-23T16:00:00Z,GENERATOR,gs://well-workover-intervention-data/landing/generator/2026/09/23/well_master.parquet,BATCH-GELEKI-20260923-V1
GK-016,Geleki,Assam,26.990457,94.840154,1981-05-13,1981-11-02,Barail,3118.7,3146.1,3187.0,3140.9,,GAS_LIFT,,,,,,False,2.875,5.5,ACTIVE,2026-09-23T16:00:00Z,GENERATOR,gs://well-workover-intervention-data/landing/generator/2026/09/23/well_master.parquet,BATCH-GELEKI-20260923-V1
GK-017,Geleki,Assam,26.980811,94.832962,1983-08-22,1984-01-14,Tipam,3063.1,3083.1,3152.3,3105.9,,SRP,1.25,86.0,3014.8,C,INSERT,False,2.875,5.5,ACTIVE,2026-09-23T16:00:00Z,GENERATOR,gs://well-workover-intervention-data/landing/generator/2026/09/23/well_master.parquet,BATCH-GELEKI-20260923-V1
GK-018,Geleki,Assam,26.937514,94.788454,1973-03-19,1973-06-30,Tipam,2893.2,2932.2,3003.9,2969.5,,SRP,1.5,74.0,2810.3,D,INSERT,False,2.875,5.5,ACTIVE,2026-09-23T16:00:00Z,GENERATOR,gs://well-workover-intervention-data/landing/generator/2026/09/23/well_master.parquet,BATCH-GELEKI-20260923-V1
GK-019,Geleki,Assam,26.947333,94.796666,1989-10-05,1990-03-02,Lakadong,3665.9,3722.4,3782.2,3700.0,,SRP,1.25,64.0,3562.2,D,INSERT,False,3.5,5.5,ACTIVE,2026-09-23T16:00:00Z,GENERATOR,gs://well-workover-intervention-data/landing/generator/2026/09/23/well_master.parquet,BATCH-GELEKI-20260923-V1
GK-020,Geleki,Assam,26.96961,94.829434,1988-03-23,1988-08-18,Tipam,3026.7,3084.1,3128.5,3040.6,,NATURAL,,,,,,False,2.875,5.5,ACTIVE,2026-09-23T16:00:00Z,GENERATOR,gs://well-workover-intervention-data/landing/generator/2026/09/23/well_master.parquet,BATCH-GELEKI-20260923-V1
GK-021,Geleki,Assam,26.950981,94.803087,1968-10-16,1969-01-31,Tipam,2637.8,2650.0,2667.9,2609.2,,SRP,1.25,74.0,2578.0,D,TUBING,False,2.875,5.5,ACTIVE,2026-09-23T16:00:00Z,GENERATOR,gs://well-workover-intervention-data/landing/generator/2026/09/23/well_master.parquet,BATCH-GELEKI-20260923-V1
GK-022,Geleki,Assam,26.963535,94.818175,1971-01-11,1971-04-29,Tipam,2815.5,2828.8,2899.6,2823.3,,SRP,1.25,74.0,2721.8,C,INSERT,False,2.875,7.0,ACTIVE,2026-09-23T16:00:00Z,GENERATOR,gs://well-workover-intervention-data/landing/generator/2026/09/23/well_master.parquet,BATCH-GELEKI-20260923-V1
GK-023,Geleki,Assam,26.974452,94.832425,1983-10-12,1984-03-27,Barail,2900.0,2934.4,2949.8,2877.0,,SRP,1.5,54.0,2819.4,K,TUBING,False,2.875,5.5,ACTIVE,2026-09-23T16:00:00Z,GENERATOR,gs://well-workover-intervention-data/landing/generator/2026/09/23/well_master.parquet,BATCH-GELEKI-20260923-V1
GK-024,Geleki,Assam,26.964692,94.808687,1977-12-09,1978-04-15,Lakadong,3528.6,3582.8,3625.8,3556.4,,GAS_LIFT,,,,,,False,3.5,7.0,ACTIVE,2026-09-23T16:00:00Z,GENERATOR,gs://well-workover-intervention-data/landing/generator/2026/09/23/well_master.parquet,BATCH-GELEKI-20260923-V1
GK-025,Geleki,Assam,26.985966,94.835912,1981-04-04,1981-06-20,Lakadong,3947.5,3967.2,4040.3,3969.9,,SRP,1.25,86.0,3845.3,D,TUBING,False,2.875,5.5,ACTIVE,2026-09-23T16:00:00Z,GENERATOR,gs://well-workover-intervention-data/landing/generator/2026/09/23/well_master.parquet,BATCH-GELEKI-20260923-V1
GK-026,Geleki,Assam,26.949873,94.802167,1971-05-22,1971-10-15,Tipam,2796.4,2854.7,2942.0,2864.4,,SRP,1.5,100.0,2654.9,C,INSERT,False,2.875,5.5,ACTIVE,2026-09-23T16:00:00Z,GENERATOR,gs://well-workover-intervention-data/landing/generator/2026/09/23/well_master.parquet,BATCH-GELEKI-20260923-V1
GK-027,Geleki,Assam,26.951288,94.805684,1983-06-21,1983-10-29,Tipam,2541.7,2582.2,2663.1,2624.9,,SRP,1.5,64.0,2494.1,K,INSERT,False,3.5,5.5,ACTIVE,2026-09-23T16:00:00Z,GENERATOR,gs://well-workover-intervention-data/landing/generator/2026/09/23/well_master.parquet,BATCH-GELEKI-20260923-V1
GK-028,Geleki,Assam,26.975643,94.823461,1983-12-26,1984-04-25,Barail,2900.0,2950.9,3002.0,2944.6,,NATURAL,,,,,,False,2.875,5.5,ACTIVE,2026-09-23T16:00:00Z,GENERATOR,gs://well-workover-intervention-data/landing/generator/2026/09/23/well_master.parquet,BATCH-GELEKI-20260923-V1
GK-029,Geleki,Assam,26.960844,94.80592,1984-12-10,1985-05-06,Tipam,2400.0,2441.1,2488.0,2452.5,,SRP,1.5,64.0,2268.9,D,TUBING,False,2.875,5.5,ACTIVE,2026-09-23T16:00:00Z,GENERATOR,gs://well-workover-intervention-data/landing/generator/2026/09/23/well_master.parquet,BATCH-GELEKI-20260923-V1
GK-030,Geleki,Assam,26.960769,94.813187,1990-05-24,1990-11-08,Lakadong,3802.7,3820.4,3895.0,3794.0,,SRP,1.25,54.0,3757.0,K,INSERT,False,2.875,5.5,ACTIVE,2026-09-23T16:00:00Z,GENERATOR,gs://well-workover-intervention-data/landing/generator/2026/09/23/well_master.parquet,BATCH-GELEKI-20260923-V1
GK-031,Geleki,Assam,26.978818,94.825668,1970-05-03,1970-08-10,Barail,3401.0,3427.6,3508.2,3488.6,,NATURAL,,,,,,False,3.5,5.5,ACTIVE,2026-09-23T16:00:00Z,GENERATOR,gs://well-workover-intervention-data/landing/generator/2026/09/23/well_master.parquet,BATCH-GELEKI-20260923-V1
GK-032,Geleki,Assam,26.934752,94.777225,1977-10-10,1978-01-28,Tipam,2817.7,2852.0,2918.8,2892.3,,SRP,1.5,74.0,2776.8,K,INSERT,True,3.5,5.5,ACTIVE,2026-09-23T16:00:00Z,GENERATOR,gs://well-workover-intervention-data/landing/generator/2026/09/23/well_master.parquet,BATCH-GELEKI-20260923-V1
GK-033,Geleki,Assam,26.968033,94.823625,1983-09-14,1983-12-05,Lakadong,3743.0,3773.1,3834.5,3811.5,,SRP,1.5,74.0,3681.9,K,INSERT,False,2.875,5.5,ACTIVE,2026-09-23T16:00:00Z,GENERATOR,gs://well-workover-intervention-data/landing/generator/2026/09/23/well_master.parquet,BATCH-GELEKI-20260923-V1
GK-034,Geleki,Assam,26.950462,94.811763,1982-11-02,1983-03-19,Tipam,2924.1,2961.2,2992.3,2966.9,,SRP,1.5,64.0,2791.4,D,TUBING,False,2.875,5.5,ACTIVE,2026-09-23T16:00:00Z,GENERATOR,gs://well-workover-intervention-data/landing/generator/2026/09/23/well_master.parquet,BATCH-GELEKI-20260923-V1
GK-035,Geleki,Assam,26.96385,94.804611,1980-03-31,1980-07-17,Tipam,2883.6,2912.1,2934.4,2850.2,,SRP,1.25,54.0,2817.4,D,INSERT,False,2.875,5.5,ACTIVE,2026-09-23T16:00:00Z,GENERATOR,gs://well-workover-intervention-data/landing/generator/2026/09/23/well_master.parquet,BATCH-GELEKI-20260923-V1
GK-036,Geleki,Assam,26.9686,94.818168,1977-01-14,1977-04-25,Barail,3367.5,3418.3,3506.4,3481.8,,SRP,1.5,86.0,3315.7,D,INSERT,False,2.875,5.5,ACTIVE,2026-09-23T16:00:00Z,GENERATOR,gs://well-workover-intervention-data/landing/generator/2026/09/23/well_master.parquet,BATCH-GELEKI-20260923-V1
GK-037,Geleki,Assam,26.934272,94.791893,1977-04-02,1977-08-23,Barail,3464.5,3518.3,3580.9,3524.6,,SRP,1.25,74.0,3348.5,D,TUBING,False,2.875,5.5,ACTIVE,2026-09-23T16:00:00Z,GENERATOR,gs://well-workover-intervention-data/landing/generator/2026/09/23/well_master.parquet,BATCH-GELEKI-20260923-V1
GK-038,Geleki,Assam,26.94787,94.787728,1977-03-15,1977-07-01,Barail,3406.9,3420.6,3475.7,3372.0,,GAS_LIFT,,,,,,False,2.875,5.5,ACTIVE,2026-09-23T16:00:00Z,GENERATOR,gs://well-workover-intervention-data/landing/generator/2026/09/23/well_master.parquet,BATCH-GELEKI-20260923-V1
GK-039,Geleki,Assam,26.948646,94.801778,1971-02-24,1971-06-19,Barail,3700.0,3713.9,3781.8,3734.4,,GAS_LIFT,,,,,,False,3.5,5.5,ACTIVE,2026-09-23T16:00:00Z,GENERATOR,gs://well-workover-intervention-data/landing/generator/2026/09/23/well_master.parquet,BATCH-GELEKI-20260923-V1
GK-040,Geleki,Assam,26.974221,94.818462,1976-10-28,1977-02-17,Lakadong,3869.4,3883.6,3968.8,3865.9,,SRP,1.25,100.0,3813.7,D,INSERT,False,3.5,5.5,ACTIVE,2026-09-23T16:00:00Z,GENERATOR,gs://well-workover-intervention-data/landing/generator/2026/09/23/well_master.parquet,BATCH-GELEKI-20260923-V1
GK-041,Geleki,Assam,26.982151,94.833481,1979-10-21,1980-01-20,Lakadong,3998.7,4050.8,4077.5,4002.6,,SRP,1.5,64.0,3953.8,K,INSERT,False,3.5,5.5,ACTIVE,2026-09-23T16:00:00Z,GENERATOR,gs://well-workover-intervention-data/landing/generator/2026/09/23/well_master.parquet,BATCH-GELEKI-20260923-V1
GK-042,Geleki,Assam,26.965021,94.815872,1992-09-28,1992-12-12,Barail,3173.2,3212.4,3257.2,3204.7,,SRP,1.25,86.0,3030.8,K,INSERT,True,2.875,5.5,ACTIVE,2026-09-23T16:00:00Z,GENERATOR,gs://well-workover-intervention-data/landing/generator/2026/09/23/well_master.parquet,BATCH-GELEKI-20260923-V1
GK-043,Geleki,Assam,26.965735,94.81347,1988-11-13,1989-04-21,Tipam,2914.9,2973.4,3011.7,2982.4,,NATURAL,,,,,,False,3.5,7.0,ACTIVE,2026-09-23T16:00:00Z,GENERATOR,gs://well-workover-intervention-data/landing/generator/2026/09/23/well_master.parquet,BATCH-GELEKI-20260923-V1
GK-044,Geleki,Assam,26.930322,94.765244,1995-09-22,1995-12-02,Barail,3394.2,3452.5,3474.6,3381.9,,SRP,1.5,54.0,3323.2,D,INSERT,False,3.5,7.0,ACTIVE,2026-09-23T16:00:00Z,GENERATOR,gs://well-workover-intervention-data/landing/generator/2026/09/23/well_master.parquet,BATCH-GELEKI-20260923-V1
GK-045,Geleki,Assam,26.952333,94.7911,1973-07-15,1973-10-21,Lakadong,4168.7,4220.5,4308.7,4196.4,,SRP,1.25,54.0,4065.1,K,INSERT,False,2.875,5.5,ACTIVE,2026-09-23T16:00:00Z,GENERATOR,gs://well-workover-intervention-data/landing/generator/2026/09/23/well_master.parquet,BATCH-GELEKI-20260923-V1
GK-046,Geleki,Assam,26.958762,94.814715,1979-10-22,1980-03-10,Tipam,2461.1,2479.2,2553.9,2506.3,,SRP,1.5,64.0,2418.1,D,INSERT,False,3.5,5.5,ACTIVE,2026-09-23T16:00:00Z,GENERATOR,gs://well-workover-intervention-data/landing/generator/2026/09/23/well_master.parquet,BATCH-GELEKI-20260923-V1
GK-047,Geleki,Assam,26.989966,94.836288,1993-05-25,1993-08-08,Barail,3344.3,3399.4,3487.3,3408.4,,SRP,1.5,64.0,3291.1,D,INSERT,False,3.5,5.5,ACTIVE,2026-09-23T16:00:00Z,GENERATOR,gs://well-workover-intervention-data/landing/generator/2026/09/23/well_master.parquet,BATCH-GELEKI-20260923-V1
GK-048,Geleki,Assam,26.929415,94.786674,1996-07-06,1996-11-21,Tipam,2400.0,2433.9,2477.9,2443.1,,SRP,1.5,54.0,2359.2,D,TUBING,True,2.875,7.0,ACTIVE,2026-09-23T16:00:00Z,GENERATOR,gs://well-workover-intervention-data/landing/generator/2026/09/23/well_master.parquet,BATCH-GELEKI-20260923-V1
GK-049,Geleki,Assam,26.975016,94.821116,1978-07-23,1978-12-17,Tipam,2767.0,2783.3,2804.1,2735.4,,GAS_LIFT,,,,,,False,2.875,5.5,ACTIVE,2026-09-23T16:00:00Z,GENERATOR,gs://well-workover-intervention-data/landing/generator/2026/09/23/well_master.parquet,BATCH-GELEKI-20260923-V1
GK-050,Geleki,Assam,26.992792,94.84149,1973-02-14,1973-07-03,Barail,3071.0,3127.7,3188.6,3169.9,,SRP,1.25,74.0,2929.6,D,INSERT,False,2.875,5.5,ACTIVE,2026-09-23T16:00:00Z,GENERATOR,gs://well-workover-intervention-data/landing/generator/2026/09/23/well_master.parquet,BATCH-GELEKI-20260923-V1
GK-051,Geleki,Assam,26.967572,94.80666,1977-09-22,1977-12-27,Tipam,2833.2,2855.1,2943.3,2912.5,,NATURAL,,,,,,False,2.875,5.5,ACTIVE,2026-09-23T16:00:00Z,GENERATOR,gs://well-workover-intervention-data/landing/generator/2026/09/23/well_master.parquet,BATCH-GELEKI-20260923-V1
GK-052,Geleki,Assam,26.954355,94.818627,1980-05-17,1980-07-18,Barail,3254.4,3311.3,3399.6,3362.5,,SRP,1.5,100.0,3132.6,K,INSERT,False,3.5,7.0,ACTIVE,2026-09-23T16:00:00Z,GENERATOR,gs://well-workover-intervention-data/landing/generator/2026/09/23/well_master.parquet,BATCH-GELEKI-20260923-V1
GK-053,Geleki,Assam,26.966793,94.81044,1982-01-01,1982-06-16,Lakadong,3809.3,3828.7,3848.4,3810.4,,GAS_LIFT,,,,,,False,2.875,5.5,ACTIVE,2026-09-23T16:00:00Z,GENERATOR,gs://well-workover-intervention-data/landing/generator/2026/09/23/well_master.parquet,BATCH-GELEKI-20260923-V1
GK-054,Geleki,Assam,26.968419,94.814933,1994-03-17,1994-06-24,Lakadong,4094.5,4150.3,4205.6,4118.8,,GAS_LIFT,,,,,,False,2.875,5.5,ACTIVE,2026-09-23T16:00:00Z,GENERATOR,gs://well-workover-intervention-data/landing/generator/2026/09/23/well_master.parquet,BATCH-GELEKI-20260923-V1
GK-055,Geleki,Assam,26.970143,94.828823,1978-10-04,1979-03-09,Tipam,2842.4,2892.8,2954.1,2875.5,,SRP,1.5,74.0,2715.6,K,INSERT,False,2.875,5.5,ACTIVE,2026-09-23T16:00:00Z,GENERATOR,gs://well-workover-intervention-data/landing/generator/2026/09/23/well_master.parquet,BATCH-GELEKI-20260923-V1
GK-056,Geleki,Assam,26.991179,94.842023,1993-11-13,1994-02-04,Tipam,2977.0,3005.7,3027.5,2995.3,,SRP,1.25,86.0,2827.7,C,INSERT,False,2.875,5.5,ACTIVE,2026-09-23T16:00:00Z,GENERATOR,gs://well-workover-intervention-data/landing/generator/2026/09/23/well_master.parquet,BATCH-GELEKI-20260923-V1
GK-057,Geleki,Assam,26.954511,94.79937,1996-08-05,1996-10-23,Barail,3548.9,3606.3,3649.7,3561.1,,SRP,1.5,86.0,3426.5,D,TUBING,False,2.875,5.5,ACTIVE,2026-09-23T16:00:00Z,GENERATOR,gs://well-workover-intervention-data/landing/generator/2026/09/23/well_master.parquet,BATCH-GELEKI-20260923-V1
GK-058,Geleki,Assam,26.97454,94.815827,1992-05-22,1992-10-22,Lakadong,3841.4,3862.2,3901.3,3818.1,,SRP,1.5,74.0,3778.3,C,INSERT,False,2.875,5.5,ACTIVE,2026-09-23T16:00:00Z,GENERATOR,gs://well-workover-intervention-data/landing/generator/2026/09/23/well_master.parquet,BATCH-GELEKI-20260923-V1
GK-059,Geleki,Assam,26.937071,94.79429,1975-03-19,1975-09-07,Barail,3072.1,3105.0,3137.1,3064.8,,SRP,1.5,74.0,2995.0,K,INSERT,True,2.875,5.5,IDLE,2026-09-23T16:00:00Z,GENERATOR,gs://well-workover-intervention-data/landing/generator/2026/09/23/well_master.parquet,BATCH-GELEKI-20260923-V1
GK-060,Geleki,Assam,26.933576,94.781148,1988-12-22,1989-06-03,Lakadong,4108.7,4165.7,4194.8,4162.6,,SRP,1.5,64.0,4027.6,D,INSERT,False,3.5,5.5,ACTIVE,2026-09-23T16:00:00Z,GENERATOR,gs://well-workover-intervention-data/landing/generator/2026/09/23/well_master.parquet,BATCH-GELEKI-20260923-V1
GK-061,Geleki,Assam,26.982633,94.828819,1971-12-09,1972-05-07,Tipam,2455.6,2492.5,2545.6,2505.1,,NATURAL,,,,,,False,2.875,5.5,ACTIVE,2026-09-23T16:00:00Z,GENERATOR,gs://well-workover-intervention-data/landing/generator/2026/09/23/well_master.parquet,BATCH-GELEKI-20260923-V1
GK-062,Geleki,Assam,26.985145,94.846402,1972-02-13,1972-05-12,Lakadong,3500.0,3535.3,3586.1,3530.4,,NATURAL,,,,,,False,2.875,5.5,ACTIVE,2026-09-23T16:00:00Z,GENERATOR,gs://well-workover-intervention-data/landing/generator/2026/09/23/well_master.parquet,BATCH-GELEKI-20260923-V1
GK-063,Geleki,Assam,26.965306,94.8073,1988-09-30,1989-03-18,Tipam,2814.9,2855.4,2887.5,2827.0,,SRP,1.25,54.0,2724.6,D,INSERT,False,2.875,5.5,ACTIVE,2026-09-23T16:00:00Z,GENERATOR,gs://well-workover-intervention-data/landing/generator/2026/09/23/well_master.parquet,BATCH-GELEKI-20260923-V1
GK-064,Geleki,Assam,27.000684,94.845111,1974-05-19,1974-10-06,Tipam,2802.2,2861.3,2911.5,2831.7,,SRP,1.5,64.0,2673.3,K,TUBING,True,2.875,5.5,ACTIVE,2026-09-23T16:00:00Z,GENERATOR,gs://well-workover-intervention-data/landing/generator/2026/09/23/well_master.parquet,BATCH-GELEKI-20260923-V1
GK-065,Geleki,Assam,26.997537,94.835173,1973-06-24,1973-09-12,Barail,3151.7,3166.6,3243.3,3174.5,,GAS_LIFT,,,,,,False,3.5,5.5,ACTIVE,2026-09-23T16:00:00Z,GENERATOR,gs://well-workover-intervention-data/landing/generator/2026/09/23/well_master.parquet,BATCH-GELEKI-20260923-V1
GK-066,Geleki,Assam,26.98772,94.833019,1994-08-05,1994-10-19,Tipam,2678.9,2711.5,2774.3,2701.0,,NATURAL,,,,,,False,2.875,5.5,ACTIVE,2026-09-23T16:00:00Z,GENERATOR,gs://well-workover-intervention-data/landing/generator/2026/09/23/well_master.parquet,BATCH-GELEKI-20260923-V1
GK-067,Geleki,Assam,26.953039,94.806132,1980-08-06,1981-01-17,Tipam,2766.3,2795.0,2859.7,2797.4,,SRP,1.25,54.0,2635.7,D,INSERT,False,2.875,7.0,ACTIVE,2026-09-23T16:00:00Z,GENERATOR,gs://well-workover-intervention-data/landing/generator/2026/09/23/well_master.parquet,BATCH-GELEKI-20260923-V1
GK-068,Geleki,Assam,26.981087,94.836021,1974-12-15,1975-03-18,Tipam,2619.6,2649.4,2696.3,2628.1,,SRP,1.25,64.0,2519.5,K,INSERT,False,2.875,5.5,ACTIVE,2026-09-23T16:00:00Z,GENERATOR,gs://well-workover-intervention-data/landing/generator/2026/09/23/well_master.parquet,BATCH-GELEKI-20260923-V1
GK-069,Geleki,Assam,26.979415,94.822786,1975-12-28,1976-05-27,Tipam,2757.2,2804.6,2854.1,2824.5,,GAS_LIFT,,,,,,False,2.875,5.5,IDLE,2026-09-23T16:00:00Z,GENERATOR,gs://well-workover-intervention-data/landing/generator/2026/09/23/well_master.parquet,BATCH-GELEKI-20260923-V1
GK-070,Geleki,Assam,26.944462,94.793897,1992-04-05,1992-06-20,Barail,2900.0,2918.3,2948.2,2887.3,,SRP,1.25,54.0,2783.5,D,TUBING,False,3.5,5.5,IDLE,2026-09-23T16:00:00Z,GENERATOR,gs://well-workover-intervention-data/landing/generator/2026/09/23/well_master.parquet,BATCH-GELEKI-20260923-V1
GK-071,Geleki,Assam,26.939083,94.792512,1969-06-05,1969-09-06,Tipam,2400.0,2454.9,2490.3,2471.0,,SRP,1.25,64.0,2308.5,D,INSERT,True,2.875,7.0,ACTIVE,2026-09-23T16:00:00Z,GENERATOR,gs://well-workover-intervention-data/landing/generator/2026/09/23/well_master.parquet,BATCH-GELEKI-20260923-V1
GK-072,Geleki,Assam,26.985862,94.830816,1994-09-13,1994-12-16,Barail,2935.7,2955.1,2984.9,2948.2,,NATURAL,,,,,,False,2.875,5.5,ACTIVE,2026-09-23T16:00:00Z,GENERATOR,gs://well-workover-intervention-data/landing/generator/2026/09/23/well_master.parquet,BATCH-GELEKI-20260923-V1
GK-073,Geleki,Assam,26.992033,94.843931,1993-06-19,1993-09-20,Lakadong,4057.7,4112.1,4184.1,4089.1,,NATURAL,,,,,,False,2.875,5.5,ACTIVE,2026-09-23T16:00:00Z,GENERATOR,gs://well-workover-intervention-data/landing/generator/2026/09/23/well_master.parquet,BATCH-GELEKI-20260923-V1
GK-074,Geleki,Assam,26.933146,94.772949,1978-09-22,1979-02-09,Tipam,2604.3,2633.5,2684.4,2661.1,,NATURAL,,,,,,False,3.5,5.5,ACTIVE,2026-09-23T16:00:00Z,GENERATOR,gs://well-workover-intervention-data/landing/generator/2026/09/23/well_master.parquet,BATCH-GELEKI-20260923-V1
GK-075,Geleki,Assam,26.98291,94.833741,1973-12-25,1974-06-12,Tipam,2782.2,2809.0,2833.5,2780.4,,GAS_LIFT,,,,,,False,2.875,5.5,IDLE,2026-09-23T16:00:00Z,GENERATOR,gs://well-workover-intervention-data/landing/generator/2026/09/23/well_master.parquet,BATCH-GELEKI-20260923-V1
GK-076,Geleki,Assam,26.981086,94.832695,1971-06-25,1971-12-11,Lakadong,3599.9,3615.3,3666.4,3576.4,,SRP,1.25,54.0,3462.5,D,INSERT,False,3.5,5.5,ACTIVE,2026-09-23T16:00:00Z,GENERATOR,gs://well-workover-intervention-data/landing/generator/2026/09/23/well_master.parquet,BATCH-GELEKI-20260923-V1
GK-077,Geleki,Assam,26.957522,94.791192,1993-12-09,1994-05-06,Lakadong,3578.0,3629.1,3677.7,3583.9,,SRP,1.25,54.0,3494.9,C,TUBING,False,2.875,5.5,ACTIVE,2026-09-23T16:00:00Z,GENERATOR,gs://well-workover-intervention-data/landing/generator/2026/09/23/well_master.parquet,BATCH-GELEKI-20260923-V1
GK-078,Geleki,Assam,26.917439,94.761225,1973-08-15,1973-11-07,Barail,3143.8,3173.1,3201.3,3147.9,,SRP,1.25,74.0,3009.1,K,INSERT,False,2.875,5.5,ACTIVE,2026-09-23T16:00:00Z,GENERATOR,gs://well-workover-intervention-data/landing/generator/2026/09/23/well_master.parquet,BATCH-GELEKI-20260923-V1
GK-079,Geleki,Assam,26.99447,94.835744,1971-12-28,1972-06-20,Lakadong,4039.6,4063.2,4134.6,4081.5,,SRP,1.5,100.0,3898.0,D,INSERT,False,2.875,5.5,ACTIVE,2026-09-23T16:00:00Z,GENERATOR,gs://well-workover-intervention-data/landing/generator/2026/09/23/well_master.parquet,BATCH-GELEKI-20260923-V1
GK-080,Geleki,Assam,26.929233,94.783085,1982-12-21,1983-04-25,Tipam,2773.8,2792.1,2840.0,2804.3,,SRP,1.25,54.0,2693.9,K,INSERT,False,2.875,7.0,ACTIVE,2026-09-23T16:00:00Z,GENERATOR,gs://well-workover-intervention-data/landing/generator/2026/09/23/well_master.parquet,BATCH-GELEKI-20260923-V1
GK-081,Geleki,Assam,26.948647,94.792902,1996-03-09,1996-07-12,Tipam,2400.0,2423.3,2495.5,2425.0,,SRP,1.5,54.0,2361.9,D,INSERT,False,3.5,5.5,ACTIVE,2026-09-23T16:00:00Z,GENERATOR,gs://well-workover-intervention-data/landing/generator/2026/09/23/well_master.parquet,BATCH-GELEKI-20260923-V1
GK-082,Geleki,Assam,26.933907,94.776389,1993-09-10,1994-02-01,Barail,3628.0,3670.9,3750.9,3638.5,,SRP,1.5,100.0,3586.7,K,TUBING,False,2.875,7.0,ACTIVE,2026-09-23T16:00:00Z,GENERATOR,gs://well-workover-intervention-data/landing/generator/2026/09/23/well_master.parquet,BATCH-GELEKI-20260923-V1
GK-083,Geleki,Assam,26.964551,94.808866,1975-01-26,1975-06-27,Tipam,2400.0,2454.7,2537.8,2474.9,,GAS_LIFT,,,,,,False,3.5,5.5,ACTIVE,2026-09-23T16:00:00Z,GENERATOR,gs://well-workover-intervention-data/landing/generator/2026/09/23/well_master.parquet,BATCH-GELEKI-20260923-V1
GK-084,Geleki,Assam,26.969861,94.798516,1977-07-02,1977-12-23,Barail,3569.7,3585.6,3601.8,3540.8,,SRP,1.5,64.0,3501.3,D,INSERT,False,3.5,5.5,ACTIVE,2026-09-23T16:00:00Z,GENERATOR,gs://well-workover-intervention-data/landing/generator/2026/09/23/well_master.parquet,BATCH-GELEKI-20260923-V1
GK-085,Geleki,Assam,26.959099,94.822109,1970-10-02,1971-02-08,Barail,3454.3,3485.9,3543.5,3476.9,,SRP,1.5,64.0,3380.0,D,INSERT,False,2.875,5.5,ACTIVE,2026-09-23T16:00:00Z,GENERATOR,gs://well-workover-intervention-data/landing/generator/2026/09/23/well_master.parquet,BATCH-GELEKI-20260923-V1
GK-086,Geleki,Assam,26.977057,94.833864,1972-09-30,1973-02-10,Barail,3008.8,3026.0,3057.9,2982.0,,SRP,1.25,64.0,2903.6,D,INSERT,False,3.5,5.5,ACTIVE,2026-09-23T16:00:00Z,GENERATOR,gs://well-workover-intervention-data/landing/generator/2026/09/23/well_master.parquet,BATCH-GELEKI-20260923-V1
GK-087,Geleki,Assam,26.975486,94.825318,1985-07-17,1985-12-13,Barail,2900.0,2959.8,3040.3,2957.5,,SRP,1.25,74.0,2824.5,K,INSERT,False,2.875,5.5,ACTIVE,2026-09-23T16:00:00Z,GENERATOR,gs://well-workover-intervention-data/landing/generator/2026/09/23/well_master.parquet,BATCH-GELEKI-20260923-V1
GK-088,Geleki,Assam,26.977142,94.825582,1982-06-24,1982-09-22,Tipam,2901.2,2932.5,2967.6,2907.8,,GAS_LIFT,,,,,,False,2.875,5.5,ACTIVE,2026-09-23T16:00:00Z,GENERATOR,gs://well-workover-intervention-data/landing/generator/2026/09/23/well_master.parquet,BATCH-GELEKI-20260923-V1
GK-089,Geleki,Assam,26.973336,94.828441,1970-02-21,1970-05-28,Tipam,2707.4,2735.9,2792.7,2758.0,,SRP,1.5,86.0,2568.2,C,INSERT,False,2.875,5.5,IDLE,2026-09-23T16:00:00Z,GENERATOR,gs://well-workover-intervention-data/landing/generator/2026/09/23/well_master.parquet,BATCH-GELEKI-20260923-V1
GK-090,Geleki,Assam,26.956865,94.809306,1982-01-24,1982-06-08,Tipam,2821.2,2842.6,2861.9,2779.7,,SRP,1.5,74.0,2672.8,C,INSERT,False,2.875,5.5,ACTIVE,2026-09-23T16:00:00Z,GENERATOR,gs://well-workover-intervention-data/landing/generator/2026/09/23/well_master.parquet,BATCH-GELEKI-20260923-V1
GK-091,Geleki,Assam,26.955001,94.799228,1973-04-11,1973-06-17,Barail,3208.6,3260.6,3326.7,3294.1,,GAS_LIFT,,,,,,False,2.875,5.5,ACTIVE,2026-09-23T16:00:00Z,GENERATOR,gs://well-workover-intervention-data/landing/generator/2026/09/23/well_master.parquet,BATCH-GELEKI-20260923-V1
GK-092,Geleki,Assam,26.978833,94.845811,1974-07-08,1974-10-14,Tipam,2888.9,2939.9,2974.8,2892.0,,SRP,1.25,74.0,2768.7,K,TUBING,False,2.875,7.0,ACTIVE,2026-09-23T16:00:00Z,GENERATOR,gs://well-workover-intervention-data/landing/generator/2026/09/23/well_master.parquet,BATCH-GELEKI-20260923-V1
GK-093,Geleki,Assam,26.95963,94.8026,1980-02-15,1980-07-10,Tipam,2775.2,2819.7,2895.8,2864.3,,SRP,1.25,86.0,2671.7,K,TUBING,False,3.5,7.0,ACTIVE,2026-09-23T16:00:00Z,GENERATOR,gs://well-workover-intervention-data/landing/generator/2026/09/23/well_master.parquet,BATCH-GELEKI-20260923-V1
GK-094,Geleki,Assam,26.983134,94.823608,1975-04-10,1975-10-04,Tipam,2635.7,2694.0,2728.8,2685.8,,SRP,1.5,64.0,2539.0,K,INSERT,False,3.5,5.5,ACTIVE,2026-09-23T16:00:00Z,GENERATOR,gs://well-workover-intervention-data/landing/generator/2026/09/23/well_master.parquet,BATCH-GELEKI-20260923-V1
GK-095,Geleki,Assam,26.938153,94.786364,1995-05-10,1995-09-09,Tipam,2464.3,2488.4,2561.6,2499.4,,SRP,1.5,64.0,2411.7,K,INSERT,False,2.875,5.5,ACTIVE,2026-09-23T16:00:00Z,GENERATOR,gs://well-workover-intervention-data/landing/generator/2026/09/23/well_master.parquet,BATCH-GELEKI-20260923-V1
GK-096,Geleki,Assam,26.991129,94.842539,1982-10-02,1983-01-17,Lakadong,3896.4,3948.5,3979.5,3959.2,,SRP,1.5,86.0,3759.8,C,INSERT,True,2.875,7.0,ACTIVE,2026-09-23T16:00:00Z,GENERATOR,gs://well-workover-intervention-data/landing/generator/2026/09/23/well_master.parquet,BATCH-GELEKI-20260923-V1
GK-097,Geleki,Assam,26.929342,94.777583,1973-10-23,1974-02-12,Tipam,2935.2,2994.9,3012.8,2982.1,,SRP,1.5,86.0,2820.2,D,INSERT,False,3.5,7.0,ACTIVE,2026-09-23T16:00:00Z,GENERATOR,gs://well-workover-intervention-data/landing/generator/2026/09/23/well_master.parquet,BATCH-GELEKI-20260923-V1
GK-098,Geleki,Assam,26.951494,94.801367,1990-04-30,1990-09-19,Lakadong,3857.2,3908.1,3929.8,3871.3,,SRP,1.5,54.0,3739.8,C,INSERT,True,2.875,7.0,ACTIVE,2026-09-23T16:00:00Z,GENERATOR,gs://well-workover-intervention-data/landing/generator/2026/09/23/well_master.parquet,BATCH-GELEKI-20260923-V1
GK-099,Geleki,Assam,26.956831,94.818237,1978-10-31,1979-03-05,Tipam,2458.2,2488.0,2517.2,2492.3,,SRP,1.25,74.0,2337.4,D,INSERT,False,2.875,5.5,ACTIVE,2026-09-23T16:00:00Z,GENERATOR,gs://well-workover-intervention-data/landing/generator/2026/09/23/well_master.parquet,BATCH-GELEKI-20260923-V1
GK-100,Geleki,Assam,26.952158,94.804138,1985-07-26,1985-09-26,Barail,3186.1,3221.1,3300.7,3231.2,,SRP,1.5,74.0,3093.5,D,TUBING,True,2.875,7.0,ACTIVE,2026-09-23T16:00:00Z,GENERATOR,gs://well-workover-intervention-data/landing/generator/2026/09/23/well_master.parquet,BATCH-GELEKI-20260923-V1
GK-101,Geleki,Assam,26.975537,94.812376,1976-07-17,1976-11-18,Tipam,2618.7,2677.9,2723.8,2682.7,,SRP,1.25,64.0,2579.3,C,INSERT,False,2.875,5.5,ACTIVE,2026-09-23T16:00:00Z,GENERATOR,gs://well-workover-intervention-data/landing/generator/2026/09/23/well_master.parquet,BATCH-GELEKI-20260923-V1
GK-102,Geleki,Assam,27.000728,94.834312,1982-03-25,1982-07-11,Tipam,2792.9,2816.7,2886.4,2817.5,,GAS_LIFT,,,,,,False,2.875,5.5,ACTIVE,2026-09-23T16:00:00Z,GENERATOR,gs://well-workover-intervention-data/landing/generator/2026/09/23/well_master.parquet,BATCH-GELEKI-20260923-V1
GK-103,Geleki,Assam,26.976058,94.826356,1969-11-10,1970-04-03,Lakadong,4217.2,4251.7,4281.7,4240.4,,SRP,1.25,86.0,4166.3,D,TUBING,False,2.875,7.0,ACTIVE,2026-09-23T16:00:00Z,GENERATOR,gs://well-workover-intervention-data/landing/generator/2026/09/23/well_master.parquet,BATCH-GELEKI-20260923-V1
GK-104,Geleki,Assam,26.950987,94.81219,1986-12-06,1987-05-20,Lakadong,4280.3,4306.2,4380.9,4259.6,,SRP,1.5,54.0,4246.4,D,INSERT,False,2.875,5.5,ACTIVE,2026-09-23T16:00:00Z,GENERATOR,gs://well-workover-intervention-data/landing/generator/2026/09/23/well_master.parquet,BATCH-GELEKI-20260923-V1
GK-105,Geleki,Assam,26.955788,94.806049,1974-12-27,1975-06-20,Lakadong,3792.5,3817.3,3852.9,3809.1,,SRP,1.25,64.0,3644.2,C,INSERT,False,3.5,5.5,ACTIVE,2026-09-23T16:00:00Z,GENERATOR,gs://well-workover-intervention-data/landing/generator/2026/09/23/well_master.parquet,BATCH-GELEKI-20260923-V1
GK-106,Geleki,Assam,26.975927,94.825254,1973-02-22,1973-07-05,Tipam,2764.1,2821.4,2866.6,2836.2,,SRP,1.25,64.0,2664.4,K,INSERT,False,2.875,5.5,ACTIVE,2026-09-23T16:00:00Z,GENERATOR,gs://well-workover-intervention-data/landing/generator/2026/09/23/well_master.parquet,BATCH-GELEKI-20260923-V1
GK-107,Geleki,Assam,26.931441,94.777685,1985-04-20,1985-08-01,Tipam,2430.1,2461.3,2478.9,2456.5,,SRP,1.25,100.0,2317.3,D,INSERT,False,3.5,5.5,ACTIVE,2026-09-23T16:00:00Z,GENERATOR,gs://well-workover-intervention-data/landing/generator/2026/09/23/well_master.parquet,BATCH-GELEKI-20260923-V1
GK-108,Geleki,Assam,26.991875,94.830074,1972-10-19,1973-02-09,Barail,3311.6,3361.2,3392.0,3297.2,,GAS_LIFT,,,,,,False,2.875,5.5,ACTIVE,2026-09-23T16:00:00Z,GENERATOR,gs://well-workover-intervention-data/landing/generator/2026/09/23/well_master.parquet,BATCH-GELEKI-20260923-V1
GK-109,Geleki,Assam,26.952712,94.81254,1976-10-22,1977-01-11,Tipam,2953.8,3006.5,3038.6,3019.6,,GAS_LIFT,,,,,,False,3.5,7.0,ACTIVE,2026-09-23T16:00:00Z,GENERATOR,gs://well-workover-intervention-data/landing/generator/2026/09/23/well_master.parquet,BATCH-GELEKI-20260923-V1
GK-110,Geleki,Assam,27.001848,94.853324,1985-05-20,1985-11-08,Barail,3569.5,3596.2,3657.6,3569.8,,SRP,1.5,54.0,3519.1,K,INSERT,False,3.5,5.5,ACTIVE,2026-09-23T16:00:00Z,GENERATOR,gs://well-workover-intervention-data/landing/generator/2026/09/23/well_master.parquet,BATCH-GELEKI-20260923-V1
GK-111,Geleki,Assam,26.934197,94.769981,1994-12-17,1995-05-27,Barail,3295.7,3345.2,3430.6,3351.0,,SRP,1.5,100.0,3257.7,K,INSERT,False,3.5,5.5,ACTIVE,2026-09-23T16:00:00Z,GENERATOR,gs://well-workover-intervention-data/landing/generator/2026/09/23/well_master.parquet,BATCH-GELEKI-20260923-V1
GK-112,Geleki,Assam,26.953135,94.799608,1973-11-29,1974-05-10,Barail,3543.5,3597.6,3652.2,3565.9,,SRP,1.5,100.0,3506.7,D,INSERT,False,2.875,7.0,ACTIVE,2026-09-23T16:00:00Z,GENERATOR,gs://well-workover-intervention-data/landing/generator/2026/09/23/well_master.parquet,BATCH-GELEKI-20260923-V1
GK-113,Geleki,Assam,26.942835,94.795531,1981-05-09,1981-08-16,Lakadong,4040.9,4088.9,4125.5,4092.7,,SRP,1.25,86.0,3959.8,D,INSERT,True,2.875,5.5,ACTIVE,2026-09-23T16:00:00Z,GENERATOR,gs://well-workover-intervention-data/landing/generator/2026/09/23/well_master.parquet,BATCH-GELEKI-20260923-V1
GK-114,Geleki,Assam,26.946946,94.801053,1975-06-26,1975-10-02,Barail,2927.0,2963.1,3016.0,2957.0,,SRP,1.5,100.0,2879.0,C,INSERT,True,3.5,5.5,ACTIVE,2026-09-23T16:00:00Z,GENERATOR,gs://well-workover-intervention-data/landing/generator/2026/09/23/well_master.parquet,BATCH-GELEKI-20260923-V1
GK-115,Geleki,Assam,26.962305,94.792514,1997-08-29,1998-02-07,Tipam,2717.8,2767.6,2851.1,2819.3,,SRP,1.5,86.0,2608.0,D,INSERT,False,2.875,7.0,ACTIVE,2026-09-23T16:00:00Z,GENERATOR,gs://well-workover-intervention-data/landing/generator/2026/09/23/well_master.parquet,BATCH-GELEKI-20260923-V1
GK-116,Geleki,Assam,26.955864,94.809003,1980-08-26,1980-12-29,Tipam,2846.5,2891.0,2945.2,2916.6,,SRP,1.25,74.0,2753.9,D,INSERT,False,2.875,5.5,ACTIVE,2026-09-23T16:00:00Z,GENERATOR,gs://well-workover-intervention-data/landing/generator/2026/09/23/well_master.parquet,BATCH-GELEKI-20260923-V1
GK-117,Geleki,Assam,26.930241,94.780464,1988-01-31,1988-06-23,Barail,3397.1,3455.2,3524.3,3425.8,,SRP,1.25,54.0,3323.3,K,INSERT,False,2.875,5.5,ACTIVE,2026-09-23T16:00:00Z,GENERATOR,gs://well-workover-intervention-data/landing/generator/2026/09/23/well_master.parquet,BATCH-GELEKI-20260923-V1
GK-118,Geleki,Assam,26.961021,94.826624,1971-02-23,1971-06-21,Barail,3700.0,3728.9,3791.8,3727.9,,SRP,1.25,86.0,3653.9,K,INSERT,False,2.875,5.5,ACTIVE,2026-09-23T16:00:00Z,GENERATOR,gs://well-workover-intervention-data/landing/generator/2026/09/23/well_master.parquet,BATCH-GELEKI-20260923-V1
GK-119,Geleki,Assam,26.965159,94.80856,1976-01-07,1976-04-29,Tipam,2964.5,2981.0,3026.9,2945.5,,NATURAL,,,,,,False,2.875,5.5,ACTIVE,2026-09-23T16:00:00Z,GENERATOR,gs://well-workover-intervention-data/landing/generator/2026/09/23/well_master.parquet,BATCH-GELEKI-20260923-V1
GK-120,Geleki,Assam,26.967822,94.81712,1981-01-03,1981-05-18,Tipam,2800.8,2850.6,2894.3,2808.9,,SRP,1.25,54.0,2769.8,K,TUBING,False,3.5,5.5,ACTIVE,2026-09-23T16:00:00Z,GENERATOR,gs://well-workover-intervention-data/landing/generator/2026/09/23/well_master.parquet,BATCH-GELEKI-20260923-V1
GK-121,Geleki,Assam,26.958244,94.800689,1981-11-21,1982-04-27,Barail,3333.8,3360.3,3433.1,3387.0,,SRP,1.25,54.0,3214.0,D,TUBING,False,3.5,7.0,ACTIVE,2026-09-23T16:00:00Z,GENERATOR,gs://well-workover-intervention-data/landing/generator/2026/09/23/well_master.parquet,BATCH-GELEKI-20260923-V1
GK-122,Geleki,Assam,26.97817,94.831603,1982-03-02,1982-06-10,Lakadong,4176.8,4220.4,4297.6,4273.5,,SRP,1.25,74.0,4145.5,K,INSERT,False,2.875,5.5,ACTIVE,2026-09-23T16:00:00Z,GENERATOR,gs://well-workover-intervention-data/landing/generator/2026/09/23/well_master.parquet,BATCH-GELEKI-20260923-V1
GK-123,Geleki,Assam,26.922298,94.768838,1978-04-30,1978-10-04,Barail,2924.8,2971.0,3028.3,2975.6,,SRP,1.25,74.0,2879.9,D,TUBING,False,3.5,5.5,ACTIVE,2026-09-23T16:00:00Z,GENERATOR,gs://well-workover-intervention-data/landing/generator/2026/09/23/well_master.parquet,BATCH-GELEKI-20260923-V1
GK-124,Geleki,Assam,26.946077,94.791284,1973-11-15,1974-02-12,Tipam,2634.9,2663.6,2743.5,2727.7,,SRP,1.25,100.0,2497.8,D,INSERT,False,2.875,5.5,ACTIVE,2026-09-23T16:00:00Z,GENERATOR,gs://well-workover-intervention-data/landing/generator/2026/09/23/well_master.parquet,BATCH-GELEKI-20260923-V1
GK-125,Geleki,Assam,26.965133,94.813198,1981-02-06,1981-05-25,Tipam,2724.5,2781.9,2800.7,2734.2,,SRP,1.5,100.0,2654.9,D,TUBING,False,2.875,7.0,ACTIVE,2026-09-23T16:00:00Z,GENERATOR,gs://well-workover-intervention-data/landing/generator/2026/09/23/well_master.parquet,BATCH-GELEKI-20260923-V1
GK-126,Geleki,Assam,26.945282,94.79496,1991-11-06,1992-04-23,Barail,3261.2,3314.8,3385.8,3293.9,,SRP,1.5,74.0,3166.7,C,INSERT,False,2.875,5.5,ACTIVE,2026-09-23T16:00:00Z,GENERATOR,gs://well-workover-intervention-data/landing/generator/2026/09/23/well_master.parquet,BATCH-GELEKI-20260923-V1
GK-127,Geleki,Assam,27.007932,94.850704,1981-10-14,1982-04-06,Tipam,2525.2,2562.7,2636.1,2606.7,,GAS_LIFT,,,,,,False,2.875,7.0,ACTIVE,2026-09-23T16:00:00Z,GENERATOR,gs://well-workover-intervention-data/landing/generator/2026/09/23/well_master.parquet,BATCH-GELEKI-20260923-V1
GK-128,Geleki,Assam,26.999251,94.841739,1979-12-08,1980-05-26,Barail,2900.0,2913.3,3000.2,2931.9,,SRP,1.5,100.0,2861.9,C,INSERT,False,2.875,5.5,ACTIVE,2026-09-23T16:00:00Z,GENERATOR,gs://well-workover-intervention-data/landing/generator/2026/09/23/well_master.parquet,BATCH-GELEKI-20260923-V1
GK-129,Geleki,Assam,26.995715,94.829754,1976-05-04,1976-08-09,Tipam,3335.4,3383.1,3438.0,3379.9,,SRP,1.25,100.0,3293.8,K,INSERT,False,2.875,5.5,ACTIVE,2026-09-23T16:00:00Z,GENERATOR,gs://well-workover-intervention-data/landing/generator/2026/09/23/well_master.parquet,BATCH-GELEKI-20260923-V1
GK-130,Geleki,Assam,26.960785,94.808275,1989-01-07,1989-06-17,Tipam,2668.4,2711.1,2741.2,2666.6,,SRP,1.5,86.0,2555.4,K,TUBING,False,2.875,5.5,ACTIVE,2026-09-23T16:00:00Z,GENERATOR,gs://well-workover-intervention-data/landing/generator/2026/09/23/well_master.parquet,BATCH-GELEKI-20260923-V1
GK-131,Geleki,Assam,26.98629,94.837242,1985-12-11,1986-06-01,Tipam,2645.4,2674.2,2732.6,2709.3,,SRP,1.25,64.0,2545.1,D,TUBING,False,3.5,7.0,ACTIVE,2026-09-23T16:00:00Z,GENERATOR,gs://well-workover-intervention-data/landing/generator/2026/09/23/well_master.parquet,BATCH-GELEKI-20260923-V1
GK-132,Geleki,Assam,26.952279,94.808258,1982-05-14,1982-11-07,Tipam,2567.7,2623.0,2707.1,2671.1,,GAS_LIFT,,,,,,False,3.5,7.0,ACTIVE,2026-09-23T16:00:00Z,GENERATOR,gs://well-workover-intervention-data/landing/generator/2026/09/23/well_master.parquet,BATCH-GELEKI-20260923-V1
GK-133,Geleki,Assam,26.985513,94.840026,1981-03-11,1981-05-12,Lakadong,4069.8,4092.0,4113.8,4080.9,,GAS_LIFT,,,,,,False,2.875,5.5,ACTIVE,2026-09-23T16:00:00Z,GENERATOR,gs://well-workover-intervention-data/landing/generator/2026/09/23/well_master.parquet,BATCH-GELEKI-20260923-V1
GK-134,Geleki,Assam,26.927052,94.774747,1969-11-06,1970-04-04,Barail,3134.3,3193.8,3214.4,3187.7,,GAS_LIFT,,,,,,False,3.5,7.0,ACTIVE,2026-09-23T16:00:00Z,GENERATOR,gs://well-workover-intervention-data/landing/generator/2026/09/23/well_master.parquet,BATCH-GELEKI-20260923-V1
GK-135,Geleki,Assam,26.982751,94.836441,1976-12-15,1977-06-12,Tipam,2580.7,2620.6,2693.7,2637.7,,SRP,1.25,74.0,2471.0,K,TUBING,False,2.875,7.0,ACTIVE,2026-09-23T16:00:00Z,GENERATOR,gs://well-workover-intervention-data/landing/generator/2026/09/23/well_master.parquet,BATCH-GELEKI-20260923-V1
GK-136,Geleki,Assam,26.977845,94.82985,1975-01-02,1975-06-02,Lakadong,3874.6,3917.2,3971.4,3880.8,,SRP,1.5,74.0,3820.3,D,INSERT,False,2.875,5.5,ACTIVE,2026-09-23T16:00:00Z,GENERATOR,gs://well-workover-intervention-data/landing/generator/2026/09/23/well_master.parquet,BATCH-GELEKI-20260923-V1
GK-137,Geleki,Assam,26.975275,94.830389,1973-12-11,1974-03-08,Barail,3170.9,3199.5,3249.6,3219.6,,SRP,1.5,74.0,3092.4,D,INSERT,False,2.875,5.5,ACTIVE,2026-09-23T16:00:00Z,GENERATOR,gs://well-workover-intervention-data/landing/generator/2026/09/23/well_master.parquet,BATCH-GELEKI-20260923-V1
GK-138,Geleki,Assam,26.978589,94.835508,1975-06-02,1975-10-31,Barail,3095.1,3119.6,3146.1,3111.0,,SRP,1.25,86.0,2988.1,D,INSERT,False,2.875,7.0,ACTIVE,2026-09-23T16:00:00Z,GENERATOR,gs://well-workover-intervention-data/landing/generator/2026/09/23/well_master.parquet,BATCH-GELEKI-20260923-V1
GK-147,Geleki,Assam,26.939442,94.780696,1977-08-13,1977-10-24,Lakadong,4041.8,4069.6,4136.1,4026.9,,SRP,1.25,64.0,3999.7,D,TUBING,False,2.875,5.5,ACTIVE,2026-09-23T16:00:00Z,GENERATOR,gs://well-workover-intervention-data/landing/generator/2026/09/23/well_master.parquet,BATCH-GELEKI-20260923-V1
GK-214,Geleki,Assam,26.926861,94.779484,1971-09-06,1972-01-01,Tipam,2646.1,2694.8,2732.9,2704.4,,SRP,1.25,54.0,2534.6,D,INSERT,False,2.875,5.5,ACTIVE,2026-09-23T16:00:00Z,GENERATOR,gs://well-workover-intervention-data/landing/generator/2026/09/23/well_master.parquet,BATCH-GELEKI-20260923-V1
GK-141,Geleki,Assam,26.937373,94.790613,1970-12-09,1971-04-23,Tipam,2610.6,2666.3,2703.4,2651.4,,SRP,1.5,100.0,2492.5,D,INSERT,False,3.5,5.5,ACTIVE,2026-09-23T16:00:00Z,GENERATOR,gs://well-workover-intervention-data/landing/generator/2026/09/23/well_master.parquet,BATCH-GELEKI-20260923-V1
GK-142,Geleki,Assam,26.93417,94.790165,1980-05-10,1980-09-01,Barail,3574.8,3613.4,3675.0,3600.6,,SRP,1.5,74.0,3504.2,K,INSERT,False,2.875,5.5,IDLE,2026-09-23T16:00:00Z,GENERATOR,gs://well-workover-intervention-data/landing/generator/2026/09/23/well_master.parquet,BATCH-GELEKI-20260923-V1
